bus_id,route,bus_type,depot,date,capacity,passengers,occupancy_rate,distance_km,fare_per_passenger,revenue,fuel_consumed_liters,month,day_of_week,trip_time,hour,peak_hour,weekend,holiday,event_flag,weather_condition,bus_stop,next_bus_arrival_min,bus_frequency_min,current_onboard,waiting_crowd,boarding_count,alighting_count,vision_waiting_count,vision_boarding_count,passengers_after_stop,occupancy_after_stop,future_passengers,future_occupancy_rate,crowd_level,future_crowd_level,waiting_pressure_pct,available_seats_before_boarding
AP0001,Kurnool-Hyderabad,Volvo AC,Guntur,2024-11-26,49,32,65.77,326.58,908.75,29079.96,75.73,November,Tuesday,19:50,19,1,0,0,1,Clear,Market Stop,12,30,32,29,7,3,29,7,36,73.47,44,89.8,MODERATE,HIGH,59.18,17
AP0002,Anantapur-Bangalore,Sleeper,Tirupati,2024-10-03,36,14,41.42,291.91,770.66,10789.3,71.55,October,Thursday,13:00,13,0,0,0,0,Cloudy,Central Bus Station,9,5,14,16,11,3,16,11,22,61.11,25,69.44,MODERATE,MODERATE,44.44,22
AP0003,Hyderabad-Vijayawada,Volvo AC,Vijayawada,2024-07-06,49,43,89.26,238.41,277.49,11932.08,47.85,July,Saturday,20:20,20,0,1,0,0,Clear,College Road Stop,17,20,43,21,6,4,21,6,45,91.84,49,100.0,HIGH,HIGH,42.86,6
AP0004,Eluru-Hyderabad,Semi-Sleeper,Kurnool,2024-11-02,63,52,83.97,347.55,199.64,10381.38,72.64,November,Saturday,17:25,17,1,1,0,0,Cloudy,Market Stop,21,15,52,20,6,2,20,6,56,88.89,61,96.83,HIGH,HIGH,31.75,11
AP0005,Kurnool-Hyderabad,Sleeper,Hyderabad,2024-09-20,44,31,70.62,444.88,591.89,18348.44,77.17,September,Friday,09:45,9,1,0,0,0,Cloudy,College Road Stop,10,20,31,21,5,6,21,5,30,68.18,34,77.27,MODERATE,MODERATE,47.73,13
AP0006,Eluru-Hyderabad,Super Luxury,Kurnool,2024-09-16,49,33,68.86,212.21,421.03,13893.87,50.32,September,Monday,22:05,22,0,0,0,1,Cloudy,Railway Station Stop,24,5,33,23,5,4,23,5,34,69.39,37,75.51,MODERATE,MODERATE,46.94,16
AP0007,Guntur-Hyderabad,Sleeper,Nellore,2024-10-30,40,37,93.01,371.86,668.27,24725.94,71.44,October,Wednesday,19:25,19,1,0,0,0,Clear,College Road Stop,20,15,37,17,7,4,17,7,40,100.0,35,87.5,HIGH,HIGH,42.5,3
AP0008,Eluru-Hyderabad,Semi-Sleeper,Nellore,2024-02-22,55,41,75.38,202.15,295.16,12101.44,51.51,February,Thursday,19:05,19,1,0,0,0,Rainy,Market Stop,7,20,41,14,8,2,14,8,47,85.45,46,83.64,HIGH,HIGH,25.45,14
AP0009,Nellore-Chennai,Express,Hyderabad,2024-12-10,55,13,24.74,265.66,434.36,5646.7,64.96,December,Tuesday,09:45,9,1,0,0,0,Cloudy,Central Bus Station,29,10,13,23,8,4,23,8,17,30.91,14,25.45,LOW,LOW,41.82,42
AP0010,Kurnool-Hyderabad,Ordinary,Hyderabad,2024-08-18,63,55,88.32,397.6,296.57,16311.34,71.73,August,Sunday,13:35,13,0,1,0,0,Clear,Central Bus Station,4,30,55,11,8,0,11,8,63,100.0,58,92.06,HIGH,HIGH,17.46,8
AP0011,Kakinada-Vijayawada,Ordinary,Tirupati,2024-03-02,59,46,79.51,325.43,276.5,12719.05,83.78,March,Saturday,13:25,13,0,1,0,0,Hot,Market Stop,21,15,46,5,5,5,5,5,46,77.97,51,86.44,MODERATE,HIGH,8.47,13
AP0012,Nellore-Chennai,Sleeper,Visakhapatnam,2024-05-10,44,32,72.76,246.22,416.65,13332.87,55.46,May,Friday,21:20,21,0,0,0,0,Cloudy,Market Stop,15,10,32,15,3,5,15,3,30,68.18,34,77.27,MODERATE,MODERATE,34.09,12
AP0013,Hyderabad-Vijayawada,Sleeper,Vijayawada,2024-02-11,44,27,62.34,235.7,559.65,15110.65,45.7,February,Sunday,16:05,16,0,1,0,0,Hot,College Road Stop,21,5,27,21,10,1,21,10,36,81.82,41,93.18,HIGH,HIGH,47.73,17
AP0014,Chittoor-Bangalore,Sleeper,Visakhapatnam,2024-08-18,36,19,54.02,440.35,715.67,13597.7,97.53,August,Sunday,20:55,20,0,1,0,0,Hot,Market Stop,24,5,19,2,2,5,2,2,16,44.44,19,52.78,LOW,LOW,5.56,17
AP0015,Kadapa-Hyderabad,Super Luxury,Guntur,2024-05-13,49,33,67.47,203.3,478.73,15797.96,38.99,May,Monday,13:35,13,0,0,0,0,Hot,City Center Stop,22,15,33,18,7,3,18,7,37,75.51,33,67.35,MODERATE,MODERATE,36.73,16
AP0016,Chittoor-Bangalore,Volvo AC,Tirupati,2024-10-09,49,31,63.51,279.79,1074.37,33305.55,66.02,October,Wednesday,11:15,11,0,0,0,0,Rainy,Main Road Stop,21,15,31,0,0,3,0,0,28,57.14,21,42.86,LOW,LOW,0.0,18
AP0017,Ongole-Hyderabad,Ordinary,Tirupati,2024-06-13,59,35,59.71,84.48,142.05,4971.71,17.69,June,Thursday,15:20,15,0,0,0,0,Cloudy,Market Stop,26,30,35,10,3,2,10,3,36,61.02,46,77.97,MODERATE,MODERATE,16.95,24
AP0018,Hyderabad-Vijayawada,Super Luxury,Vijayawada,2024-06-28,49,35,72.51,279.52,667.94,23377.92,83.86,June,Friday,08:40,8,1,0,0,0,Clear,College Road Stop,22,20,35,31,12,4,31,12,43,87.76,46,93.88,HIGH,HIGH,63.27,14
AP0019,Hyderabad-Vijayawada,Semi-Sleeper,Hyderabad,2024-04-22,63,39,62.66,246.22,182.32,7110.43,54.97,April,Monday,20:40,20,0,0,0,0,Clear,Central Bus Station,25,5,39,10,10,2,10,10,47,74.6,56,88.89,MODERATE,HIGH,15.87,24
AP0020,Nellore-Chennai,Ordinary,Visakhapatnam,2024-05-05,59,59,100.0,341.99,254.82,15034.29,79.41,May,Sunday,16:25,16,0,1,0,0,Rainy,Main Road Stop,14,15,59,15,2,2,15,2,59,100.0,55,93.22,HIGH,HIGH,25.42,0
AP0021,Hyderabad-Visakhapatnam,Sleeper,Tirupati,2024-05-02,44,20,45.9,632.86,1053.71,21074.13,124.05,May,Thursday,19:15,19,1,0,0,0,Clear,College Road Stop,8,15,20,25,6,3,25,6,23,52.27,25,56.82,LOW,LOW,56.82,24
AP0022,Hyderabad-Vijayawada,Semi-Sleeper,Guntur,2024-07-19,63,60,95.88,282.69,362.42,21744.99,57.28,July,Friday,13:35,13,0,0,0,0,Rainy,Railway Station Stop,9,5,60,4,3,2,4,3,61,96.83,60,95.24,HIGH,HIGH,6.35,3
AP0023,Chittoor-Bangalore,Super Luxury,Kurnool,2024-05-26,53,36,68.63,421.81,718.45,25864.23,112.82,May,Sunday,22:35,22,0,1,0,0,Clear,College Road Stop,20,20,36,12,7,4,12,7,39,73.58,48,90.57,MODERATE,HIGH,22.64,17
AP0024,Vijayawada-Visakhapatnam,Volvo AC,Hyderabad,2024-05-30,53,48,91.0,398.2,616.12,29573.53,75.98,May,Thursday,21:35,21,0,0,0,0,Clear,Railway Station Stop,17,15,48,12,7,3,12,7,52,98.11,51,96.23,HIGH,HIGH,22.64,5
AP0025,Eluru-Hyderabad,Semi-Sleeper,Vijayawada,2024-01-02,59,33,56.54,351.3,315.08,10397.69,73.15,January,Tuesday,19:00,19,1,0,0,0,Clear,City Center Stop,5,5,33,31,4,7,31,4,30,50.85,35,59.32,LOW,LOW,52.54,26
AP0026,Hyderabad-Vijayawada,Semi-Sleeper,Tirupati,2024-10-30,63,48,77.29,256.45,330.04,15841.86,74.47,October,Wednesday,11:25,11,0,0,0,0,Clear,City Center Stop,8,15,48,5,5,3,5,5,50,79.37,57,90.48,MODERATE,HIGH,7.94,15
AP0027,Hyderabad-Tirupati,Volvo AC,Kurnool,2024-04-21,57,53,93.26,571.35,923.53,48946.99,96.33,April,Sunday,14:35,14,0,1,0,0,Clear,City Center Stop,30,20,53,10,9,5,10,9,57,100.0,48,84.21,HIGH,HIGH,17.54,4
AP0028,Ongole-Hyderabad,Ordinary,Visakhapatnam,2024-06-09,63,28,45.98,230.87,238.56,6679.7,45.94,June,Sunday,07:55,7,1,1,0,0,Clear,Central Bus Station,23,10,28,14,8,1,14,8,35,55.56,33,52.38,LOW,LOW,22.22,35
AP0029,Vijayawada-Visakhapatnam,Ordinary,Kurnool,2024-06-24,63,27,43.59,254.01,342.69,9252.57,47.18,June,Monday,10:30,10,0,0,0,0,Rainy,Railway Station Stop,24,10,27,8,7,2,8,7,32,50.79,30,47.62,LOW,LOW,12.7,36
AP0030,Chittoor-Bangalore,Super Luxury,Visakhapatnam,2024-09-20,49,36,74.41,342.29,402.21,14479.72,71.71,September,Friday,17:20,17,1,0,0,0,Clear,Central Bus Station,8,5,36,27,9,2,27,9,43,87.76,46,93.88,HIGH,HIGH,55.1,13
AP0031,Anantapur-Bangalore,Super Luxury,Vijayawada,2024-11-12,53,17,33.13,209.36,795.05,13515.88,46.81,November,Tuesday,18:30,18,1,0,0,0,Clear,Main Road Stop,4,10,17,20,8,1,20,8,24,45.28,28,52.83,LOW,LOW,37.74,36
AP0032,Hyderabad-Tirupati,Volvo AC,Visakhapatnam,2024-08-20,53,41,77.86,544.41,797.68,32705.02,107.35,August,Tuesday,22:10,22,0,0,0,0,Clear,Main Road Stop,11,30,41,9,5,2,9,5,44,83.02,52,98.11,HIGH,HIGH,16.98,12
AP0033,Vijayawada-Tirupati,Sleeper,Hyderabad,2024-06-09,36,32,90.93,328.25,1081.4,34604.78,79.68,June,Sunday,12:05,12,0,1,0,0,Clear,Railway Station Stop,26,20,32,9,6,4,9,6,34,94.44,33,91.67,HIGH,HIGH,25.0,4
AP0034,Hyderabad-Tirupati,Express,Hyderabad,2024-10-14,63,44,69.97,527.9,509.63,22423.85,114.19,October,Monday,13:40,13,0,0,0,1,Clear,Market Stop,17,5,44,14,7,3,14,7,48,76.19,47,74.6,MODERATE,MODERATE,22.22,19
AP0035,Eluru-Hyderabad,Semi-Sleeper,Nellore,2024-10-25,59,34,57.86,438.28,254.66,8658.33,105.85,October,Friday,14:55,14,0,0,0,0,Cloudy,City Center Stop,24,15,34,9,9,2,9,9,41,69.49,44,74.58,MODERATE,MODERATE,15.25,25
AP0036,Guntur-Hyderabad,Sleeper,Vijayawada,2024-11-08,36,29,82.71,276.7,792.71,22988.48,59.43,November,Friday,11:50,11,0,0,0,0,Rainy,Main Road Stop,16,5,29,6,6,9,6,6,26,72.22,22,61.11,MODERATE,MODERATE,16.67,7
AP0037,Vijayawada-Visakhapatnam,Sleeper,Tirupati,2024-04-01,40,31,79.76,318.47,939.56,29126.32,62.36,April,Monday,09:35,9,1,0,0,0,Clear,Railway Station Stop,16,15,31,18,9,2,18,9,38,95.0,36,90.0,HIGH,HIGH,45.0,9
AP0038,Hyderabad-Visakhapatnam,Express,Nellore,2024-11-09,59,54,93.02,574.23,279.99,15119.29,119.99,November,Saturday,14:00,14,0,1,0,0,Cloudy,College Road Stop,19,5,54,10,3,2,10,3,55,93.22,56,94.92,HIGH,HIGH,16.95,5
AP0039,Kakinada-Vijayawada,Semi-Sleeper,Hyderabad,2024-04-17,55,29,53.3,295.87,178.55,5177.96,57.77,April,Wednesday,11:55,11,0,0,0,1,Clear,City Center Stop,29,20,29,12,10,8,12,10,31,56.36,34,61.82,LOW,MODERATE,21.82,26
AP0040,Vijayawada-Tirupati,Volvo AC,Kurnool,2024-05-23,57,26,46.97,273.45,809.11,21036.97,56.52,May,Thursday,17:25,17,1,0,0,0,Clear,Main Road Stop,15,15,26,21,8,5,21,8,29,50.88,28,49.12,LOW,LOW,36.84,31
AP0041,Kadapa-Hyderabad,Express,Tirupati,2024-02-27,59,26,45.14,272.82,269.21,6999.42,46.8,February,Tuesday,13:15,13,0,0,0,0,Rainy,College Road Stop,19,20,26,15,15,5,15,15,36,61.02,38,64.41,MODERATE,MODERATE,25.42,33
AP0042,Kakinada-Vijayawada,Ordinary,Nellore,2024-09-28,55,15,27.76,223.91,275.42,4131.32,42.78,September,Saturday,20:50,20,0,1,0,0,Clear,Central Bus Station,28,15,15,9,7,2,9,7,20,36.36,32,58.18,LOW,LOW,16.36,40
AP0043,Kadapa-Hyderabad,Sleeper,Kurnool,2024-07-22,40,31,78.43,394.38,486.96,15095.66,77.03,July,Monday,17:40,17,1,0,0,0,Rainy,Railway Station Stop,13,10,31,21,9,4,21,9,36,90.0,40,100.0,HIGH,HIGH,52.5,9
AP0044,Kakinada-Vijayawada,Express,Guntur,2024-09-02,59,34,57.9,308.0,270.51,9197.2,66.79,September,Monday,12:40,12,0,0,0,0,Clear,Market Stop,26,10,34,25,16,4,25,16,46,77.97,49,83.05,MODERATE,HIGH,42.37,25
AP0045,Vijayawada-Tirupati,Volvo AC,Vijayawada,2024-12-01,49,36,75.12,447.26,800.36,28813.06,77.98,December,Sunday,20:15,20,0,1,0,0,Clear,City Center Stop,17,10,36,25,9,2,25,9,43,87.76,47,95.92,HIGH,HIGH,51.02,13
AP0046,Kurnool-Hyderabad,Express,Hyderabad,2024-06-27,59,52,88.89,246.56,434.41,22589.15,52.87,June,Thursday,19:55,19,1,0,0,0,Clear,College Road Stop,27,15,52,14,8,5,14,8,55,93.22,52,88.14,HIGH,HIGH,23.73,7
AP0047,Anantapur-Bangalore,Sleeper,Tirupati,2024-01-12,40,23,57.83,283.1,779.08,17918.81,74.39,January,Friday,13:25,13,0,0,0,0,Clear,City Center Stop,16,15,23,7,5,2,7,5,26,65.0,33,82.5,MODERATE,HIGH,17.5,17
AP0048,Eluru-Hyderabad,Semi-Sleeper,Vijayawada,2024-03-30,63,43,68.55,329.19,258.82,11129.43,80.18,March,Saturday,12:30,12,0,1,0,0,Hot,City Center Stop,20,20,43,6,6,3,6,6,46,73.02,51,80.95,MODERATE,HIGH,9.52,20
AP0049,Ongole-Hyderabad,Express,Visakhapatnam,2024-08-04,55,38,69.67,402.94,337.78,12835.5,92.57,August,Sunday,17:45,17,1,1,0,0,Clear,Market Stop,12,5,38,26,5,3,26,5,40,72.73,43,78.18,MODERATE,MODERATE,47.27,17
AP0050,Vijayawada-Tirupati,Sleeper,Hyderabad,2024-04-05,44,38,87.79,347.91,300.98,11437.35,75.73,April,Friday,10:35,10,0,0,0,0,Rainy,College Road Stop,20,10,38,12,9,3,12,9,44,100.0,31,70.45,HIGH,MODERATE,27.27,6
AP0051,Nellore-Chennai,Semi-Sleeper,Guntur,2024-09-29,63,23,37.78,309.21,311.16,7156.64,65.66,September,Sunday,11:10,11,0,1,0,0,Rainy,Central Bus Station,12,30,23,15,7,4,15,7,26,41.27,25,39.68,LOW,LOW,23.81,40
AP0052,Hyderabad-Vijayawada,Semi-Sleeper,Tirupati,2024-08-10,63,56,89.24,280.88,208.14,11656.12,63.83,August,Saturday,05:15,5,0,1,0,0,Cloudy,Railway Station Stop,20,30,56,24,7,3,24,7,60,95.24,58,92.06,HIGH,HIGH,38.1,7
AP0053,Vijayawada-Visakhapatnam,Super Luxury,Vijayawada,2024-02-22,53,53,100.0,462.35,477.27,25295.15,74.4,February,Thursday,19:20,19,1,0,0,0,Clear,Central Bus Station,25,30,53,20,4,5,20,4,52,98.11,53,100.0,HIGH,HIGH,37.74,0
AP0054,Kurnool-Hyderabad,Ordinary,Nellore,2024-11-26,63,38,61.54,382.45,249.02,9462.77,65.49,November,Tuesday,17:55,17,1,0,0,0,Clear,College Road Stop,15,10,38,24,12,3,24,12,47,74.6,47,74.6,MODERATE,MODERATE,38.1,25
AP0055,Hyderabad-Visakhapatnam,Volvo AC,Hyderabad,2024-06-16,49,46,95.37,604.83,922.77,42447.34,111.04,June,Sunday,18:40,18,1,1,0,0,Clear,City Center Stop,15,5,46,23,7,5,23,7,48,97.96,42,85.71,HIGH,HIGH,46.94,3
AP0056,Kakinada-Vijayawada,Ordinary,Vijayawada,2024-11-22,55,33,61.58,465.44,123.47,4074.43,113.02,November,Friday,19:20,19,1,0,0,0,Rainy,College Road Stop,12,5,33,18,4,2,18,4,35,63.64,43,78.18,MODERATE,MODERATE,32.73,22
AP0057,Rajahmundry-Hyderabad,Sleeper,Tirupati,2024-03-31,44,26,60.68,381.09,938.77,24408.04,67.09,March,Sunday,13:40,13,0,1,0,1,Clear,City Center Stop,23,5,26,23,12,5,23,12,33,75.0,25,56.82,MODERATE,LOW,52.27,18
AP0058,Kakinada-Vijayawada,Express,Visakhapatnam,2024-05-27,55,21,39.95,494.37,398.1,8360.07,166.56,May,Monday,15:40,15,0,0,0,0,Hot,Main Road Stop,19,30,21,7,6,5,7,6,22,40.0,25,45.45,LOW,LOW,12.73,34
AP0059,Chittoor-Bangalore,Sleeper,Nellore,2024-11-07,36,27,75.42,296.03,928.8,25077.73,88.0,November,Thursday,10:20,10,0,0,0,0,Cloudy,City Center Stop,17,30,27,20,9,2,20,9,34,94.44,34,94.44,HIGH,HIGH,55.56,9
AP0060,Hyderabad-Vijayawada,Semi-Sleeper,Guntur,2024-05-26,63,56,89.75,272.48,255.57,14312.04,57.63,May,Sunday,09:20,9,1,1,0,1,Clear,Railway Station Stop,3,30,56,21,9,2,21,9,63,100.0,60,95.24,HIGH,HIGH,33.33,7
AP0061,Vijayawada-Visakhapatnam,Ordinary,Vijayawada,2024-09-15,63,30,48.88,565.32,212.25,6367.49,145.47,September,Sunday,17:50,17,1,1,0,0,Cloudy,College Road Stop,6,20,30,17,9,4,17,9,35,55.56,34,53.97,LOW,LOW,26.98,33
AP0062,Kurnool-Hyderabad,Ordinary,Visakhapatnam,2024-03-30,55,49,89.64,266.03,241.13,11815.15,66.17,March,Saturday,14:30,14,0,1,0,0,Clear,College Road Stop,3,10,49,5,1,1,5,1,49,89.09,55,100.0,HIGH,HIGH,9.09,6
AP0063,Nellore-Chennai,Express,Tirupati,2024-05-24,55,34,63.01,317.66,324.09,11018.95,100.15,May,Friday,15:05,15,0,0,0,0,Hot,Railway Station Stop,26,15,34,6,6,3,6,6,37,67.27,38,69.09,MODERATE,MODERATE,10.91,21
AP0064,Rajahmundry-Hyderabad,Ordinary,Guntur,2024-07-15,55,49,89.56,337.72,295.71,14489.68,67.29,July,Monday,19:40,19,1,0,0,0,Clear,Main Road Stop,26,30,49,17,8,2,17,8,55,100.0,55,100.0,HIGH,HIGH,30.91,6
AP0065,Eluru-Hyderabad,Ordinary,Vijayawada,2024-08-26,55,42,77.84,339.2,151.46,6361.38,59.28,August,Monday,16:35,16,0,0,0,0,Hot,Railway Station Stop,4,30,42,0,0,4,0,0,38,69.09,37,67.27,MODERATE,MODERATE,0.0,13
AP0066,Hyderabad-Vijayawada,Super Luxury,Guntur,2024-04-07,53,51,96.54,279.13,507.63,25889.24,59.1,April,Sunday,15:30,15,0,1,0,0,Rainy,Railway Station Stop,4,15,51,13,5,3,13,5,53,100.0,50,94.34,HIGH,HIGH,24.53,2
AP0067,Rajahmundry-Hyderabad,Super Luxury,Nellore,2024-05-12,49,36,74.17,384.25,583.71,21013.41,63.73,May,Sunday,15:40,15,0,1,0,1,Rainy,City Center Stop,24,30,36,16,3,8,16,3,31,63.27,37,75.51,MODERATE,MODERATE,32.65,13
AP0068,Guntur-Hyderabad,Super Luxury,Guntur,2024-03-18,49,41,84.02,304.99,839.42,34416.28,61.02,March,Monday,12:50,12,0,0,1,0,Clear,Market Stop,17,10,41,21,9,6,21,9,44,89.8,45,91.84,HIGH,HIGH,42.86,8
AP0069,Rajahmundry-Hyderabad,Semi-Sleeper,Hyderabad,2024-02-03,59,48,82.72,383.59,259.62,12461.94,78.36,February,Saturday,06:15,6,0,1,0,0,Rainy,Railway Station Stop,11,15,48,17,4,3,17,4,49,83.05,53,89.83,HIGH,HIGH,28.81,11
AP0070,Chittoor-Bangalore,Express,Vijayawada,2024-08-23,63,39,62.31,443.71,555.12,21649.49,109.71,August,Friday,13:25,13,0,0,0,0,Clear,Railway Station Stop,20,30,39,8,7,7,8,7,39,61.9,42,66.67,MODERATE,MODERATE,12.7,24
AP0071,Vijayawada-Tirupati,Semi-Sleeper,Kurnool,2024-04-12,63,54,86.84,498.9,283.1,15287.24,95.9,April,Friday,11:10,11,0,0,0,1,Rainy,Central Bus Station,9,10,54,16,8,6,16,8,56,88.89,57,90.48,HIGH,HIGH,25.4,9
AP0072,Guntur-Hyderabad,Volvo AC,Vijayawada,2024-11-03,53,25,48.62,263.14,1011.68,25292.12,57.29,November,Sunday,13:35,13,0,1,0,0,Clear,Central Bus Station,8,20,25,11,11,4,11,11,32,60.38,34,64.15,MODERATE,MODERATE,20.75,28
AP0073,Rajahmundry-Hyderabad,Semi-Sleeper,Hyderabad,2024-10-11,63,59,95.02,540.59,211.06,12452.71,115.46,October,Friday,20:20,20,0,0,0,0,Clear,Central Bus Station,13,15,59,21,6,6,21,6,59,93.65,56,88.89,HIGH,HIGH,33.33,4
AP0074,Vijayawada-Visakhapatnam,Express,Hyderabad,2024-07-23,55,32,58.89,349.38,229.66,7349.18,72.45,July,Tuesday,11:20,11,0,0,0,0,Clear,Railway Station Stop,28,10,32,7,7,5,7,7,34,61.82,34,61.82,MODERATE,MODERATE,12.73,23
AP0075,Ongole-Hyderabad,Super Luxury,Visakhapatnam,2024-01-08,45,33,73.87,584.2,581.56,19191.59,161.45,January,Monday,07:40,7,1,0,0,0,Clear,Market Stop,24,10,33,16,11,9,16,11,35,77.78,39,86.67,MODERATE,HIGH,35.56,12
AP0076,Vijayawada-Visakhapatnam,Volvo AC,Hyderabad,2024-02-20,49,38,79.1,357.6,787.46,29923.64,74.78,February,Tuesday,12:20,12,0,0,0,0,Clear,City Center Stop,8,20,38,5,5,7,5,5,36,73.47,41,83.67,MODERATE,HIGH,10.2,11
AP0077,Hyderabad-Tirupati,Sleeper,Guntur,2024-02-03,40,22,55.48,514.15,469.55,10330.05,118.28,February,Saturday,12:25,12,0,1,0,0,Rainy,College Road Stop,18,15,22,5,5,6,5,5,21,52.5,22,55.0,LOW,LOW,12.5,18
AP0078,Hyderabad-Vijayawada,Semi-Sleeper,Vijayawada,2024-02-25,55,41,75.63,304.46,241.84,9915.61,70.12,February,Sunday,17:25,17,1,1,0,0,Clear,Central Bus Station,27,10,41,22,4,4,22,4,41,74.55,42,76.36,MODERATE,MODERATE,40.0,14
AP0079,Ongole-Hyderabad,Super Luxury,Nellore,2024-01-28,53,40,75.53,322.49,626.72,25068.77,121.31,January,Sunday,15:15,15,0,1,0,0,Cloudy,Central Bus Station,29,20,40,13,9,5,13,9,44,83.02,53,100.0,HIGH,HIGH,24.53,13
AP0080,Kurnool-Hyderabad,Semi-Sleeper,Vijayawada,2024-09-30,63,37,60.18,397.18,318.11,11770.15,79.11,September,Monday,19:05,19,1,0,0,0,Clear,Market Stop,24,5,37,28,6,3,28,6,40,63.49,40,63.49,MODERATE,MODERATE,44.44,26
AP0081,Kakinada-Vijayawada,Semi-Sleeper,Visakhapatnam,2024-09-29,63,34,55.47,331.31,180.3,6130.21,74.26,September,Sunday,17:45,17,1,1,0,1,Rainy,City Center Stop,6,5,34,33,12,7,33,12,39,61.9,42,66.67,MODERATE,MODERATE,52.38,29
AP0082,Kurnool-Hyderabad,Semi-Sleeper,Vijayawada,2024-03-07,55,42,78.1,518.71,125.16,5256.7,99.65,March,Thursday,13:05,13,0,0,0,0,Rainy,Central Bus Station,9,30,42,28,6,3,28,6,45,81.82,46,83.64,HIGH,HIGH,50.91,13
AP0083,Rajahmundry-Hyderabad,Sleeper,Vijayawada,2024-08-23,40,24,62.08,558.45,713.93,17134.23,99.5,August,Friday,19:15,19,1,0,0,1,Clear,Main Road Stop,9,20,24,25,5,3,25,5,26,65.0,31,77.5,MODERATE,MODERATE,62.5,16
AP0084,Hyderabad-Tirupati,Express,Hyderabad,2024-08-16,59,41,70.66,549.72,471.15,19316.96,172.35,August,Friday,10:40,10,0,0,0,0,Cloudy,Central Bus Station,7,15,41,10,9,5,10,9,45,76.27,49,83.05,MODERATE,HIGH,16.95,18
AP0085,Rajahmundry-Hyderabad,Ordinary,Guntur,2024-03-15,63,42,67.69,367.4,197.95,8313.84,70.3,March,Friday,06:05,6,0,0,0,1,Hot,Market Stop,7,5,42,9,6,1,9,6,47,74.6,52,82.54,MODERATE,HIGH,14.29,21
AP0086,Vijayawada-Visakhapatnam,Semi-Sleeper,Kurnool,2024-07-21,63,31,49.35,406.63,192.08,5954.48,78.72,July,Sunday,08:35,8,1,1,0,0,Rainy,City Center Stop,11,15,31,26,8,4,26,8,35,55.56,39,61.9,LOW,MODERATE,41.27,32
AP0087,Nellore-Chennai,Express,Visakhapatnam,2024-08-12,59,41,69.89,273.67,356.92,14633.75,89.55,August,Monday,18:40,18,1,0,0,0,Clear,College Road Stop,18,15,41,21,11,2,21,11,50,84.75,59,100.0,HIGH,HIGH,35.59,18
AP0088,Vijayawada-Visakhapatnam,Ordinary,Tirupati,2024-12-21,59,24,41.91,236.09,270.78,6498.67,50.08,December,Saturday,13:35,13,0,1,0,0,Clear,Market Stop,14,15,24,16,8,5,16,8,27,45.76,31,52.54,LOW,LOW,27.12,35
AP0089,Kadapa-Hyderabad,Super Luxury,Visakhapatnam,2024-01-13,49,33,68.89,549.7,577.72,19064.67,90.3,January,Saturday,10:15,10,0,1,0,0,Rainy,Central Bus Station,14,5,33,7,7,5,7,7,35,71.43,33,67.35,MODERATE,MODERATE,14.29,16
AP0090,Nellore-Chennai,Express,Tirupati,2024-02-07,55,20,37.41,342.83,483.57,9671.38,93.14,February,Wednesday,14:00,14,0,0,0,0,Clear,Market Stop,9,15,20,14,9,2,14,9,27,49.09,32,58.18,LOW,LOW,25.45,35
AP0091,Kurnool-Hyderabad,Super Luxury,Kurnool,2024-03-16,45,43,97.58,366.97,516.04,22189.66,80.27,March,Saturday,10:50,10,0,1,0,0,Rainy,Railway Station Stop,7,15,43,15,3,3,15,3,43,95.56,44,97.78,HIGH,HIGH,33.33,2
AP0092,Hyderabad-Tirupati,Super Luxury,Hyderabad,2024-09-26,45,44,98.7,558.44,673.21,29621.09,133.9,September,Thursday,17:15,17,1,0,1,0,Clear,Main Road Stop,30,10,44,25,4,3,25,4,45,100.0,40,88.89,HIGH,HIGH,55.56,1
AP0093,Chittoor-Bangalore,Semi-Sleeper,Visakhapatnam,2024-03-29,63,32,51.58,424.24,281.56,9009.8,90.36,March,Friday,13:45,13,0,0,0,0,Rainy,College Road Stop,19,5,32,10,8,5,10,8,35,55.56,26,41.27,LOW,LOW,15.87,31
AP0094,Kadapa-Hyderabad,Express,Hyderabad,2024-12-18,59,59,100.0,375.02,349.92,20645.36,72.9,December,Wednesday,13:10,13,0,0,0,0,Clear,City Center Stop,9,30,59,19,5,5,19,5,59,100.0,49,83.05,HIGH,HIGH,32.2,0
AP0095,Kurnool-Hyderabad,Ordinary,Hyderabad,2024-02-08,59,29,50.8,439.24,153.16,4441.64,95.98,February,Thursday,12:05,12,0,0,0,0,Clear,Main Road Stop,25,20,29,24,10,5,24,10,34,57.63,42,71.19,LOW,MODERATE,40.68,30
AP0096,Hyderabad-Tirupati,Semi-Sleeper,Kurnool,2024-06-05,59,36,61.79,558.46,347.18,12498.4,134.0,June,Wednesday,16:45,16,0,0,0,0,Hot,Main Road Stop,26,20,36,5,5,6,5,5,35,59.32,35,59.32,LOW,LOW,8.47,23
AP0097,Hyderabad-Vijayawada,Volvo AC,Kurnool,2024-10-15,53,41,78.72,287.42,836.37,34291.3,54.15,October,Tuesday,13:55,13,0,0,0,0,Rainy,Central Bus Station,30,20,41,18,11,5,18,11,47,88.68,49,92.45,HIGH,HIGH,33.96,12
AP0098,Ongole-Hyderabad,Volvo AC,Kurnool,2024-06-07,53,53,100.0,453.75,789.65,41851.35,110.89,June,Friday,08:50,8,1,0,0,0,Rainy,College Road Stop,7,20,53,5,5,8,5,5,50,94.34,47,88.68,HIGH,HIGH,9.43,0
AP0099,Eluru-Hyderabad,Volvo AC,Guntur,2024-11-19,49,29,60.32,248.14,746.03,21634.73,36.06,November,Tuesday,09:45,9,1,0,0,0,Hot,Market Stop,20,5,29,24,9,1,24,9,37,75.51,37,75.51,MODERATE,MODERATE,48.98,20
AP0100,Chittoor-Bangalore,Sleeper,Vijayawada,2024-01-11,40,22,57.3,272.62,704.91,15507.97,77.8,January,Thursday,22:10,22,0,0,0,0,Clear,Main Road Stop,30,15,22,1,1,5,1,1,18,45.0,14,35.0,LOW,LOW,2.5,18
AP0101,Ongole-Hyderabad,Express,Kurnool,2024-04-20,59,31,53.22,368.05,359.31,11138.47,55.64,April,Saturday,21:50,21,0,1,0,0,Clear,Main Road Stop,25,30,31,9,9,6,9,9,34,57.63,36,61.02,LOW,MODERATE,15.25,28
AP0102,Nellore-Chennai,Volvo AC,Visakhapatnam,2024-04-15,49,36,74.52,371.69,821.88,29587.64,76.58,April,Monday,17:40,17,1,0,0,0,Clear,Central Bus Station,9,10,36,12,7,6,12,7,37,75.51,40,81.63,MODERATE,HIGH,24.49,13
AP0103,Hyderabad-Vijayawada,Volvo AC,Nellore,2024-06-30,49,49,100.0,265.59,531.71,26053.84,64.72,June,Sunday,12:10,12,0,1,0,0,Clear,Market Stop,28,30,49,11,5,5,11,5,49,100.0,42,85.71,HIGH,HIGH,22.45,0
AP0104,Kurnool-Hyderabad,Ordinary,Hyderabad,2024-05-16,63,57,91.41,291.19,254.46,14504.11,66.28,May,Thursday,22:05,22,0,0,0,0,Clear,College Road Stop,14,5,57,17,9,3,17,9,63,100.0,62,98.41,HIGH,HIGH,26.98,6
AP0105,Kakinada-Vijayawada,Volvo AC,Hyderabad,2024-12-12,57,11,20.0,343.45,970.45,10674.94,66.74,December,Thursday,19:50,19,1,0,0,1,Hot,Main Road Stop,16,10,11,14,11,3,14,11,19,33.33,22,38.6,LOW,LOW,24.56,46
AP0106,Hyderabad-Vijayawada,Super Luxury,Visakhapatnam,2024-12-09,45,32,72.76,234.55,431.19,13797.99,52.63,December,Monday,18:15,18,1,0,0,0,Clear,Central Bus Station,18,10,32,18,13,3,18,13,42,93.33,45,100.0,HIGH,HIGH,40.0,13
AP0107,Hyderabad-Vijayawada,Ordinary,Guntur,2024-03-24,59,54,91.9,259.74,397.92,21487.49,52.86,March,Sunday,13:45,13,0,1,0,0,Clear,Market Stop,24,20,54,9,3,4,9,3,53,89.83,51,86.44,HIGH,HIGH,15.25,5
AP0108,Rajahmundry-Hyderabad,Ordinary,Tirupati,2024-08-11,55,39,72.53,292.17,186.07,7256.78,77.47,August,Sunday,12:05,12,0,1,0,0,Clear,College Road Stop,6,5,39,21,4,3,21,4,40,72.73,47,85.45,MODERATE,HIGH,38.18,16
AP0109,Kadapa-Hyderabad,Semi-Sleeper,Nellore,2024-10-12,59,41,70.06,292.63,357.98,14677.03,72.03,October,Saturday,09:15,9,1,1,0,0,Clear,Market Stop,18,10,41,23,7,4,23,7,44,74.58,53,89.83,MODERATE,HIGH,38.98,18
AP0110,Nellore-Chennai,Super Luxury,Vijayawada,2024-04-23,49,19,39.99,84.9,756.0,14363.98,15.8,April,Tuesday,21:15,21,0,0,0,0,Clear,Main Road Stop,25,20,19,5,5,2,5,5,22,44.9,27,55.1,LOW,LOW,10.2,30
AP0111,Ongole-Hyderabad,Semi-Sleeper,Visakhapatnam,2024-09-22,55,38,69.43,360.97,222.58,8458.23,82.93,September,Sunday,13:15,13,0,1,0,0,Cloudy,Central Bus Station,18,10,38,9,7,3,9,7,42,76.36,37,67.27,MODERATE,MODERATE,16.36,17
AP0112,Kakinada-Vijayawada,Super Luxury,Kurnool,2024-12-14,53,33,62.5,398.53,812.24,26804.07,102.66,December,Saturday,11:40,11,0,1,0,0,Clear,College Road Stop,10,30,33,21,3,2,21,3,34,64.15,42,79.25,MODERATE,MODERATE,39.62,20
AP0113,Nellore-Chennai,Ordinary,Hyderabad,2024-09-05,63,28,45.43,607.14,193.64,5421.99,131.44,September,Thursday,12:50,12,0,0,0,0,Cloudy,City Center Stop,4,30,28,16,11,6,16,11,33,52.38,30,47.62,LOW,LOW,25.4,35
AP0114,Eluru-Hyderabad,Sleeper,Visakhapatnam,2024-06-13,40,35,89.67,474.98,725.78,25402.26,98.21,June,Thursday,15:50,15,0,0,0,0,Rainy,College Road Stop,18,10,35,8,7,2,8,7,40,100.0,34,85.0,HIGH,HIGH,20.0,5
AP0115,Guntur-Hyderabad,Sleeper,Kurnool,2024-03-25,44,30,70.36,486.32,806.76,24202.75,95.06,March,Monday,10:40,10,0,0,0,0,Cloudy,Railway Station Stop,22,15,30,10,10,5,10,10,35,79.55,36,81.82,MODERATE,HIGH,22.73,14
AP0116,Hyderabad-Tirupati,Sleeper,Visakhapatnam,2024-01-11,40,40,100.0,555.68,399.44,15977.59,108.99,January,Thursday,20:10,20,0,0,0,0,Cloudy,College Road Stop,18,10,40,11,3,3,11,3,40,100.0,35,87.5,HIGH,HIGH,27.5,0
AP0117,Kakinada-Vijayawada,Express,Visakhapatnam,2024-08-13,55,39,72.12,468.52,244.34,9529.15,118.19,August,Tuesday,19:55,19,1,0,1,0,Clear,Market Stop,30,10,39,21,9,4,21,9,44,80.0,47,85.45,HIGH,HIGH,38.18,16
AP0118,Vijayawada-Tirupati,Volvo AC,Visakhapatnam,2024-01-09,49,29,59.38,577.85,994.36,28836.57,254.25,January,Tuesday,18:30,18,1,0,0,0,Clear,Central Bus Station,19,20,29,10,5,8,10,5,26,53.06,29,59.18,LOW,LOW,20.41,20
AP0119,Nellore-Chennai,Express,Guntur,2024-08-02,59,29,50.61,221.16,264.17,7660.79,48.28,August,Friday,13:30,13,0,0,0,0,Clear,Market Stop,17,10,29,8,8,9,8,8,28,47.46,35,59.32,LOW,LOW,13.56,30
AP0120,Vijayawada-Tirupati,Super Luxury,Kurnool,2024-03-16,45,31,71.04,343.1,355.56,11022.39,140.76,March,Saturday,16:40,16,0,1,1,0,Hot,College Road Stop,4,5,31,24,14,3,24,14,42,93.33,44,97.78,HIGH,HIGH,53.33,14
AP0121,Kurnool-Hyderabad,Sleeper,Vijayawada,2024-09-24,44,28,65.31,375.6,623.64,17461.95,71.05,September,Tuesday,15:45,15,0,0,0,0,Cloudy,Railway Station Stop,18,10,28,10,7,0,10,7,35,79.55,37,84.09,MODERATE,HIGH,22.73,16
AP0122,Kadapa-Hyderabad,Ordinary,Guntur,2024-11-05,59,32,55.81,164.52,102.73,3287.36,44.37,November,Tuesday,16:55,16,0,0,0,0,Clear,City Center Stop,7,30,32,11,7,8,11,7,31,52.54,26,44.07,LOW,LOW,18.64,27
AP0123,Anantapur-Bangalore,Ordinary,Visakhapatnam,2024-06-12,55,30,55.55,197.6,261.78,7853.3,51.17,June,Wednesday,08:30,8,1,0,0,0,Clear,City Center Stop,23,10,30,21,11,2,21,11,39,70.91,39,70.91,MODERATE,MODERATE,38.18,25
AP0124,Hyderabad-Vijayawada,Super Luxury,Nellore,2024-03-09,53,40,76.99,282.4,681.15,27246.01,60.76,March,Saturday,13:35,13,0,1,0,0,Rainy,Main Road Stop,7,10,40,27,12,1,27,12,51,96.23,53,100.0,HIGH,HIGH,50.94,13
AP0125,Nellore-Chennai,Ordinary,Vijayawada,2024-03-13,59,36,62.44,301.99,203.95,7342.16,47.64,March,Wednesday,07:40,7,1,0,0,0,Cloudy,Central Bus Station,28,20,36,20,5,2,20,5,39,66.1,43,72.88,MODERATE,MODERATE,33.9,23
AP0126,Rajahmundry-Hyderabad,Ordinary,Hyderabad,2024-08-16,59,43,74.29,270.3,408.0,17544.09,60.89,August,Friday,14:15,14,0,0,0,0,Cloudy,Main Road Stop,11,5,43,19,7,3,19,7,47,79.66,51,86.44,MODERATE,HIGH,32.2,16
AP0127,Chittoor-Bangalore,Volvo AC,Visakhapatnam,2024-10-31,57,16,28.6,448.57,924.36,14789.79,111.46,October,Thursday,12:15,12,0,0,0,0,Rainy,City Center Stop,15,10,16,10,6,1,10,6,21,36.84,23,40.35,LOW,LOW,17.54,41
AP0128,Kadapa-Hyderabad,Ordinary,Vijayawada,2024-07-16,59,59,100.0,478.45,267.4,15776.64,94.72,July,Tuesday,10:35,10,0,0,0,0,Cloudy,College Road Stop,7,5,59,10,3,3,10,3,59,100.0,57,96.61,HIGH,HIGH,16.95,0
AP0129,Nellore-Chennai,Ordinary,Vijayawada,2024-10-14,59,34,58.84,364.49,127.88,4347.78,86.91,October,Monday,09:00,9,1,0,0,0,Cloudy,Central Bus Station,8,30,34,20,11,4,20,11,41,69.49,47,79.66,MODERATE,MODERATE,33.9,25
AP0130,Kakinada-Vijayawada,Ordinary,Nellore,2024-11-10,63,63,100.0,394.66,149.92,9444.98,91.16,November,Sunday,15:15,15,0,1,0,0,Clear,Central Bus Station,28,30,63,7,3,3,7,3,63,100.0,62,98.41,HIGH,HIGH,11.11,0
AP0131,Kurnool-Hyderabad,Sleeper,Vijayawada,2024-04-17,44,15,34.31,359.61,944.19,14162.91,87.07,April,Wednesday,10:40,10,0,0,0,0,Clear,Railway Station Stop,10,20,15,11,11,1,11,11,25,56.82,20,45.45,LOW,LOW,25.0,29
AP0132,Chittoor-Bangalore,Sleeper,Vijayawada,2024-01-15,40,32,80.27,323.9,714.34,22858.83,70.29,January,Monday,21:55,21,0,0,0,0,Hot,Railway Station Stop,17,10,32,17,8,6,17,8,34,85.0,34,85.0,HIGH,HIGH,42.5,8
AP0133,Nellore-Chennai,Ordinary,Tirupati,2024-04-17,59,47,80.87,85.27,197.95,9303.8,16.77,April,Wednesday,15:30,15,0,0,0,0,Cloudy,City Center Stop,30,20,47,7,7,4,7,7,50,84.75,59,100.0,HIGH,HIGH,11.86,12
AP0134,Ongole-Hyderabad,Express,Nellore,2024-04-05,63,47,74.7,358.23,425.62,20003.96,66.93,April,Friday,12:20,12,0,0,0,0,Clear,College Road Stop,20,20,47,12,9,3,12,9,53,84.13,51,80.95,HIGH,HIGH,19.05,16
AP0135,Hyderabad-Tirupati,Super Luxury,Nellore,2024-12-24,53,34,65.24,529.85,989.66,33648.29,122.1,December,Tuesday,15:25,15,0,0,0,0,Cloudy,Main Road Stop,4,30,34,16,8,4,16,8,38,71.7,49,92.45,MODERATE,HIGH,30.19,19
AP0136,Vijayawada-Visakhapatnam,Sleeper,Hyderabad,2024-05-25,40,21,54.36,428.62,624.37,13111.69,103.58,May,Saturday,06:40,6,0,1,0,0,Clear,Central Bus Station,13,5,21,7,7,1,7,7,27,67.5,36,90.0,MODERATE,HIGH,17.5,19
AP0137,Ongole-Hyderabad,Sleeper,Hyderabad,2024-12-09,44,31,71.25,156.63,782.81,24267.22,44.32,December,Monday,22:30,22,0,0,0,0,Rainy,Railway Station Stop,13,20,31,21,7,7,21,7,31,70.45,34,77.27,MODERATE,MODERATE,47.73,13
AP0138,Vijayawada-Visakhapatnam,Volvo AC,Visakhapatnam,2024-11-28,57,24,43.49,345.05,766.86,18404.53,68.46,November,Thursday,14:00,14,0,0,0,0,Clear,Railway Station Stop,10,5,24,12,3,6,12,3,21,36.84,31,54.39,LOW,LOW,21.05,33
AP0139,Hyderabad-Visakhapatnam,Ordinary,Nellore,2024-08-28,55,45,82.39,607.44,263.32,11849.23,148.19,August,Wednesday,19:30,19,1,0,0,0,Rainy,City Center Stop,9,15,45,21,7,5,21,7,47,85.45,49,89.09,HIGH,HIGH,38.18,10
AP0140,Kakinada-Vijayawada,Super Luxury,Kurnool,2024-03-02,53,44,83.88,492.05,677.29,29800.8,121.69,March,Saturday,08:20,8,1,1,0,0,Clear,Railway Station Stop,17,30,44,8,7,5,8,7,46,86.79,46,86.79,HIGH,HIGH,15.09,9
AP0141,Hyderabad-Vijayawada,Super Luxury,Visakhapatnam,2024-11-18,53,34,64.45,273.0,494.22,16803.43,50.55,November,Monday,14:40,14,0,0,0,0,Clear,Railway Station Stop,13,5,34,10,3,3,10,3,34,64.15,32,60.38,MODERATE,MODERATE,18.87,19
AP0142,Anantapur-Bangalore,Volvo AC,Guntur,2024-05-03,49,32,66.69,264.94,857.17,27429.54,57.8,May,Friday,14:50,14,0,0,0,0,Clear,Main Road Stop,11,5,32,14,8,6,14,8,34,69.39,37,75.51,MODERATE,MODERATE,28.57,17
AP0143,Eluru-Hyderabad,Semi-Sleeper,Visakhapatnam,2024-11-18,59,59,100.0,440.75,247.35,14593.64,97.32,November,Monday,21:55,21,0,0,0,0,Rainy,Central Bus Station,14,30,59,24,2,5,24,2,56,94.92,56,94.92,HIGH,HIGH,40.68,0
AP0144,Nellore-Chennai,Express,Visakhapatnam,2024-02-28,63,45,72.76,312.17,440.94,19842.36,63.23,February,Wednesday,15:35,15,0,0,0,0,Clear,City Center Stop,12,5,45,15,7,5,15,7,47,74.6,52,82.54,MODERATE,HIGH,23.81,18
AP0145,Anantapur-Bangalore,Ordinary,Guntur,2024-07-06,59,45,77.15,381.78,290.19,13058.7,95.53,July,Saturday,14:20,14,0,1,0,0,Clear,College Road Stop,9,20,45,19,9,5,19,9,49,83.05,54,91.53,HIGH,HIGH,32.2,14
AP0146,Kurnool-Hyderabad,Sleeper,Visakhapatnam,2024-12-28,44,36,83.34,333.29,692.51,24930.29,72.18,December,Saturday,12:25,12,0,1,0,0,Rainy,Central Bus Station,15,15,36,7,7,4,7,7,39,88.64,31,70.45,HIGH,MODERATE,15.91,8
AP0147,Vijayawada-Tirupati,Semi-Sleeper,Nellore,2024-08-11,59,30,52.13,268.92,279.49,8384.82,51.82,August,Sunday,12:10,12,0,1,0,0,Clear,College Road Stop,29,10,30,11,7,3,11,7,34,57.63,41,69.49,LOW,MODERATE,18.64,29
AP0148,Kadapa-Hyderabad,Semi-Sleeper,Visakhapatnam,2024-03-14,63,48,76.35,327.88,251.97,12094.63,70.48,March,Thursday,14:55,14,0,0,0,0,Clear,Market Stop,17,30,48,19,8,8,19,8,48,76.19,57,90.48,MODERATE,HIGH,30.16,15
AP0149,Rajahmundry-Hyderabad,Express,Nellore,2024-08-06,55,37,69.02,305.36,281.46,10413.95,65.59,August,Tuesday,13:50,13,0,0,0,0,Clear,Market Stop,19,30,37,7,6,3,7,6,40,72.73,43,78.18,MODERATE,MODERATE,12.73,18
AP0150,Hyderabad-Vijayawada,Volvo AC,Kurnool,2024-11-01,53,53,100.0,267.8,753.2,39919.7,58.19,November,Friday,06:50,6,0,0,0,0,Rainy,City Center Stop,30,10,53,20,1,1,20,1,53,100.0,43,81.13,HIGH,HIGH,37.74,0
AP0151,Ongole-Hyderabad,Sleeper,Tirupati,2024-02-02,36,29,80.66,287.09,599.39,17382.43,65.77,February,Friday,20:15,20,0,0,0,0,Clear,City Center Stop,20,5,29,16,8,6,16,8,31,86.11,36,100.0,HIGH,HIGH,44.44,7
AP0152,Guntur-Hyderabad,Super Luxury,Visakhapatnam,2024-04-08,49,49,100.0,417.83,516.72,25319.28,93.65,April,Monday,21:15,21,0,0,0,0,Clear,Main Road Stop,9,5,49,14,1,1,14,1,49,100.0,46,93.88,HIGH,HIGH,28.57,0
AP0153,Kadapa-Hyderabad,Ordinary,Nellore,2024-01-27,63,48,76.62,462.19,353.89,16986.85,83.3,January,Saturday,10:50,10,0,1,0,0,Clear,Main Road Stop,14,5,48,10,9,5,10,9,52,82.54,53,84.13,HIGH,HIGH,15.87,15
AP0154,Hyderabad-Tirupati,Ordinary,Kurnool,2024-02-27,55,31,57.8,503.83,232.21,7198.42,124.51,February,Tuesday,15:30,15,0,0,0,0,Clear,College Road Stop,16,30,31,6,6,0,6,6,37,67.27,44,80.0,MODERATE,HIGH,10.91,24
AP0155,Chittoor-Bangalore,Semi-Sleeper,Nellore,2024-09-27,55,40,72.8,224.85,187.58,7503.03,39.76,September,Friday,09:40,9,1,0,0,0,Clear,City Center Stop,16,15,40,31,8,1,31,8,47,85.45,49,89.09,HIGH,HIGH,56.36,15
AP0156,Chittoor-Bangalore,Super Luxury,Tirupati,2024-02-19,45,24,55.4,334.13,640.45,15370.81,94.1,February,Monday,17:25,17,1,0,0,0,Clear,Central Bus Station,7,20,24,24,15,4,24,15,35,77.78,39,86.67,MODERATE,HIGH,53.33,21
AP0157,Vijayawada-Visakhapatnam,Super Luxury,Guntur,2024-12-05,49,36,74.18,513.81,629.48,22661.21,90.13,December,Thursday,12:25,12,0,0,0,0,Clear,City Center Stop,5,10,36,14,8,4,14,8,40,81.63,43,87.76,HIGH,HIGH,28.57,13
AP0158,Vijayawada-Visakhapatnam,Ordinary,Kurnool,2024-12-09,59,29,50.71,190.86,204.09,5918.58,38.54,December,Monday,17:35,17,1,0,0,0,Clear,Market Stop,12,30,29,18,7,4,18,7,32,54.24,25,42.37,LOW,LOW,30.51,30
AP0159,Nellore-Chennai,Super Luxury,Guntur,2024-04-04,49,17,36.44,304.77,582.15,9896.56,119.01,April,Thursday,18:45,18,1,0,0,0,Rainy,Railway Station Stop,28,20,17,22,7,8,22,7,16,32.65,27,55.1,LOW,LOW,44.9,32
AP0160,Guntur-Hyderabad,Super Luxury,Guntur,2024-02-15,53,43,82.04,323.67,638.7,27464.08,77.48,February,Thursday,19:20,19,1,0,1,0,Clear,Central Bus Station,23,20,43,25,5,6,25,5,42,79.25,44,83.02,MODERATE,HIGH,47.17,10
AP0161,Eluru-Hyderabad,Semi-Sleeper,Kurnool,2024-10-15,59,34,57.8,370.84,201.24,6842.17,129.36,October,Tuesday,09:45,9,1,0,0,0,Clear,College Road Stop,26,15,34,22,10,5,22,10,39,66.1,39,66.1,MODERATE,MODERATE,37.29,25
AP0162,Rajahmundry-Hyderabad,Sleeper,Kurnool,2024-05-22,44,31,70.78,413.21,519.71,16110.96,111.17,May,Wednesday,21:10,21,0,0,0,0,Hot,College Road Stop,7,20,31,16,6,3,16,6,34,77.27,34,77.27,MODERATE,MODERATE,36.36,13
AP0163,Hyderabad-Visakhapatnam,Express,Nellore,2024-09-20,55,42,76.99,646.24,435.19,18277.94,135.02,September,Friday,11:20,11,0,0,0,0,Rainy,Railway Station Stop,14,15,42,9,6,7,9,6,41,74.55,44,80.0,MODERATE,HIGH,16.36,13
AP0164,Nellore-Chennai,Express,Tirupati,2024-07-26,63,51,81.78,561.58,342.05,17444.74,129.52,July,Friday,07:50,7,1,0,0,0,Cloudy,College Road Stop,19,10,51,11,6,4,11,6,53,84.13,53,84.13,HIGH,HIGH,17.46,12
AP0165,Vijayawada-Visakhapatnam,Semi-Sleeper,Vijayawada,2024-01-12,63,56,89.97,523.6,241.93,13548.31,112.4,January,Friday,15:55,15,0,0,0,0,Clear,City Center Stop,15,15,56,13,5,6,13,5,55,87.3,50,79.37,HIGH,MODERATE,20.63,7
AP0166,Kurnool-Hyderabad,Volvo AC,Guntur,2024-07-01,57,39,68.64,402.28,1273.71,49674.76,99.55,July,Monday,13:55,13,0,0,0,0,Clear,City Center Stop,14,10,39,2,2,4,2,2,37,64.91,35,61.4,MODERATE,MODERATE,3.51,18
AP0167,Hyderabad-Tirupati,Volvo AC,Vijayawada,2024-02-04,57,25,45.04,521.8,901.2,22529.96,105.38,February,Sunday,20:15,20,0,1,0,0,Clear,College Road Stop,13,30,25,10,7,2,10,7,30,52.63,37,64.91,LOW,MODERATE,17.54,32
AP0168,Kadapa-Hyderabad,Sleeper,Kurnool,2024-10-19,44,32,73.34,463.13,896.39,28684.43,108.2,October,Saturday,19:50,19,1,1,0,1,Clear,City Center Stop,4,20,32,22,11,3,22,11,40,90.91,43,97.73,HIGH,HIGH,50.0,12
AP0169,Vijayawada-Visakhapatnam,Volvo AC,Tirupati,2024-09-06,53,48,91.6,372.45,805.72,38674.53,69.78,September,Friday,12:55,12,0,0,1,0,Clear,College Road Stop,27,20,48,19,9,4,19,9,53,100.0,48,90.57,HIGH,HIGH,35.85,5
AP0170,Vijayawada-Tirupati,Express,Tirupati,2024-05-10,63,30,48.54,261.18,236.7,7101.14,76.6,May,Friday,22:55,22,0,0,0,0,Cloudy,College Road Stop,29,20,30,24,13,2,24,13,41,65.08,41,65.08,MODERATE,MODERATE,38.1,33
AP0171,Kadapa-Hyderabad,Express,Guntur,2024-11-29,59,47,80.94,294.97,337.44,15859.86,74.44,November,Friday,12:00,12,0,0,0,0,Clear,Railway Station Stop,5,15,47,0,0,7,0,0,40,67.8,45,76.27,MODERATE,MODERATE,0.0,12
AP0172,Hyderabad-Visakhapatnam,Sleeper,Guntur,2024-08-18,40,25,63.96,606.87,680.68,17017.03,113.43,August,Sunday,14:40,14,0,1,0,0,Cloudy,College Road Stop,14,30,25,26,10,1,26,10,34,85.0,32,80.0,HIGH,HIGH,65.0,15
AP0173,Rajahmundry-Hyderabad,Volvo AC,Vijayawada,2024-06-12,49,31,64.3,220.53,853.64,26462.94,40.62,June,Wednesday,12:55,12,0,0,0,0,Clear,Central Bus Station,17,10,31,11,11,8,11,11,34,69.39,38,77.55,MODERATE,MODERATE,22.45,18
AP0174,Kadapa-Hyderabad,Super Luxury,Vijayawada,2024-09-20,49,38,78.81,333.65,285.73,10857.6,93.1,September,Friday,21:45,21,0,0,0,0,Clear,Railway Station Stop,24,15,38,14,8,3,14,8,43,87.76,46,93.88,HIGH,HIGH,28.57,11
AP0175,Anantapur-Bangalore,Volvo AC,Hyderabad,2024-07-22,49,16,33.91,186.33,651.6,10425.54,34.1,July,Monday,10:10,10,0,0,0,0,Rainy,Market Stop,30,5,16,6,6,4,6,6,18,36.73,22,44.9,LOW,LOW,12.24,33
AP0176,Vijayawada-Tirupati,Ordinary,Hyderabad,2024-11-29,63,60,95.82,319.67,212.58,12754.98,66.55,November,Friday,07:45,7,1,0,0,0,Rainy,City Center Stop,14,10,60,28,6,3,28,6,63,100.0,63,100.0,HIGH,HIGH,44.44,3
AP0177,Hyderabad-Visakhapatnam,Ordinary,Nellore,2024-06-27,55,46,84.44,606.2,151.01,6946.58,124.77,June,Thursday,13:05,13,0,0,0,0,Clear,Central Bus Station,23,15,46,12,12,3,12,12,55,100.0,51,92.73,HIGH,HIGH,21.82,9
AP0178,Ongole-Hyderabad,Volvo AC,Vijayawada,2024-08-10,57,21,38.17,441.63,703.81,14780.03,92.45,August,Saturday,22:25,22,0,1,0,0,Cloudy,Railway Station Stop,29,15,21,12,8,4,12,8,25,43.86,24,42.11,LOW,LOW,21.05,36
AP0179,Nellore-Chennai,Super Luxury,Vijayawada,2024-01-08,53,10,20.0,256.15,664.18,6641.81,51.07,January,Monday,21:35,21,0,0,0,0,Clear,Main Road Stop,26,30,10,0,0,6,0,0,4,7.55,3,5.66,LOW,LOW,0.0,43
AP0180,Hyderabad-Visakhapatnam,Sleeper,Hyderabad,2024-10-16,40,32,82.26,606.19,570.26,18248.25,129.69,October,Wednesday,18:25,18,1,0,0,0,Clear,City Center Stop,11,20,32,20,9,1,20,9,40,100.0,40,100.0,HIGH,HIGH,50.0,8
AP0181,Hyderabad-Vijayawada,Express,Visakhapatnam,2024-03-16,55,55,100.0,277.76,396.91,21830.12,59.95,March,Saturday,21:40,21,0,1,0,0,Cloudy,City Center Stop,25,15,55,17,3,3,17,3,55,100.0,54,98.18,HIGH,HIGH,30.91,0
AP0182,Anantapur-Bangalore,Ordinary,Kurnool,2024-03-09,63,47,75.03,241.04,264.45,12429.23,41.52,March,Saturday,21:10,21,0,1,0,0,Clear,Main Road Stop,14,15,47,11,10,7,11,10,50,79.37,53,84.13,MODERATE,HIGH,17.46,16
AP0183,Rajahmundry-Hyderabad,Express,Kurnool,2024-11-19,55,39,71.21,323.8,500.51,19520.06,79.09,November,Tuesday,14:35,14,0,0,0,0,Clear,City Center Stop,3,20,39,19,9,3,19,9,45,81.82,46,83.64,HIGH,HIGH,34.55,16
AP0184,Hyderabad-Visakhapatnam,Sleeper,Kurnool,2024-05-08,40,22,56.59,625.8,914.1,20110.3,149.47,May,Wednesday,12:35,12,0,0,0,0,Clear,Market Stop,24,20,22,19,7,2,19,7,27,67.5,29,72.5,MODERATE,MODERATE,47.5,18
AP0185,Nellore-Chennai,Semi-Sleeper,Kurnool,2024-11-11,55,45,83.29,222.2,142.76,6424.1,69.76,November,Monday,19:35,19,1,0,0,0,Clear,City Center Stop,26,10,45,16,10,1,16,10,54,98.18,48,87.27,HIGH,HIGH,29.09,10
AP0186,Kadapa-Hyderabad,Ordinary,Hyderabad,2024-04-19,59,32,55.15,366.97,198.88,6364.26,93.14,April,Friday,17:15,17,1,0,0,0,Clear,College Road Stop,12,15,32,30,4,6,30,4,30,50.85,28,47.46,LOW,LOW,50.85,27
AP0187,Ongole-Hyderabad,Express,Vijayawada,2024-08-15,59,38,64.76,186.93,175.09,6653.44,40.32,August,Thursday,13:15,13,0,0,0,0,Clear,Central Bus Station,15,15,38,12,8,11,12,8,35,59.32,41,69.49,LOW,MODERATE,20.34,21
AP0188,Eluru-Hyderabad,Super Luxury,Nellore,2024-04-16,53,46,87.8,481.88,689.21,31703.8,105.46,April,Tuesday,09:15,9,1,0,0,0,Hot,Main Road Stop,13,5,46,20,7,6,20,7,47,88.68,46,86.79,HIGH,HIGH,37.74,7
AP0189,Kurnool-Hyderabad,Sleeper,Tirupati,2024-02-21,44,35,80.7,274.6,723.28,25314.63,64.23,February,Wednesday,18:25,18,1,0,0,0,Cloudy,Market Stop,6,30,35,21,11,2,21,11,44,100.0,44,100.0,HIGH,HIGH,47.73,9
AP0190,Ongole-Hyderabad,Super Luxury,Guntur,2024-03-17,49,46,95.88,501.45,626.98,28841.27,97.97,March,Sunday,12:35,12,0,1,0,0,Clear,Main Road Stop,30,15,46,12,8,7,12,8,47,95.92,48,97.96,HIGH,HIGH,24.49,3
AP0191,Vijayawada-Visakhapatnam,Express,Hyderabad,2024-11-07,59,36,61.26,295.97,294.14,10588.9,60.27,November,Thursday,21:20,21,0,0,0,0,Clear,Central Bus Station,3,10,36,0,0,4,0,0,32,54.24,33,55.93,LOW,LOW,0.0,23
AP0192,Hyderabad-Vijayawada,Express,Guntur,2024-02-16,55,40,73.87,282.16,539.74,21589.66,105.34,February,Friday,11:20,11,0,0,0,0,Cloudy,City Center Stop,18,20,40,11,4,7,11,4,37,67.27,37,67.27,MODERATE,MODERATE,20.0,15
AP0193,Anantapur-Bangalore,Sleeper,Nellore,2024-04-30,36,36,100.0,407.93,744.55,26803.79,75.15,April,Tuesday,09:15,9,1,0,0,0,Clear,City Center Stop,3,20,36,12,7,7,12,7,36,100.0,33,91.67,HIGH,HIGH,33.33,0
AP0194,Kadapa-Hyderabad,Express,Hyderabad,2024-06-15,59,38,64.49,419.27,474.72,18039.23,86.16,June,Saturday,20:10,20,0,1,0,0,Clear,Market Stop,22,30,38,22,7,5,22,7,40,67.8,35,59.32,MODERATE,LOW,37.29,21
AP0195,Kakinada-Vijayawada,Ordinary,Vijayawada,2024-04-17,63,43,68.64,231.24,204.58,8796.92,48.7,April,Wednesday,10:35,10,0,0,0,0,Rainy,Main Road Stop,28,5,43,24,6,3,24,6,46,73.02,55,87.3,MODERATE,HIGH,38.1,20
AP0196,Hyderabad-Visakhapatnam,Ordinary,Nellore,2024-06-08,55,42,77.16,634.49,145.05,6092.22,109.42,June,Saturday,10:45,10,0,1,0,0,Clear,Main Road Stop,21,15,42,17,9,5,17,9,46,83.64,51,92.73,HIGH,HIGH,30.91,13
AP0197,Anantapur-Bangalore,Express,Hyderabad,2024-09-19,59,15,26.29,306.52,545.95,8189.24,77.65,September,Thursday,15:15,15,0,0,0,0,Clear,City Center Stop,19,5,15,11,10,3,11,10,22,37.29,30,50.85,LOW,LOW,18.64,44
AP0198,Vijayawada-Tirupati,Express,Visakhapatnam,2024-06-15,55,11,20.52,406.9,213.18,2344.98,70.12,June,Saturday,20:50,20,0,1,0,1,Clear,Main Road Stop,26,15,11,11,10,7,11,10,14,25.45,16,29.09,LOW,LOW,20.0,44
AP0199,Kadapa-Hyderabad,Semi-Sleeper,Tirupati,2024-09-25,63,37,59.78,466.19,203.47,7528.22,143.06,September,Wednesday,11:30,11,0,0,0,0,Clear,Central Bus Station,30,15,37,8,8,3,8,8,42,66.67,46,73.02,MODERATE,MODERATE,12.7,26
AP0200,Hyderabad-Vijayawada,Volvo AC,Vijayawada,2024-03-07,49,38,78.08,284.47,695.82,26441.05,87.4,March,Thursday,12:10,12,0,0,0,0,Clear,Market Stop,27,15,38,24,8,0,24,8,46,93.88,43,87.76,HIGH,HIGH,48.98,11
AP0201,Guntur-Hyderabad,Volvo AC,Guntur,2024-10-12,53,38,72.16,517.26,528.55,20084.86,106.98,October,Saturday,19:20,19,1,1,0,0,Rainy,Market Stop,9,30,38,18,9,1,18,9,46,86.79,48,90.57,HIGH,HIGH,33.96,15
AP0202,Vijayawada-Visakhapatnam,Semi-Sleeper,Tirupati,2024-04-30,63,46,73.89,258.5,354.9,16325.25,56.63,April,Tuesday,22:00,22,0,0,0,0,Clear,Railway Station Stop,18,15,46,0,0,8,0,0,38,60.32,40,63.49,MODERATE,MODERATE,0.0,17
AP0203,Kurnool-Hyderabad,Volvo AC,Hyderabad,2024-01-05,57,38,67.51,240.77,332.89,12649.65,56.69,January,Friday,14:00,14,0,0,0,0,Cloudy,Market Stop,25,15,38,18,9,7,18,9,40,70.18,42,73.68,MODERATE,MODERATE,31.58,19
AP0204,Vijayawada-Visakhapatnam,Volvo AC,Hyderabad,2024-10-14,53,44,84.54,431.33,815.04,35861.65,109.17,October,Monday,10:20,10,0,0,0,0,Cloudy,City Center Stop,11,5,44,21,9,0,21,9,53,100.0,43,81.13,HIGH,HIGH,39.62,9
AP0205,Hyderabad-Vijayawada,Sleeper,Tirupati,2024-08-24,40,35,89.35,270.64,827.46,28961.08,64.84,August,Saturday,05:25,5,0,1,0,0,Clear,Railway Station Stop,21,10,35,22,8,3,22,8,40,100.0,40,100.0,HIGH,HIGH,55.0,5
AP0206,Hyderabad-Visakhapatnam,Ordinary,Guntur,2024-06-02,55,35,64.22,593.04,152.37,5333.11,184.22,June,Sunday,11:45,11,0,1,0,0,Clear,City Center Stop,3,30,35,18,6,4,18,6,37,67.27,45,81.82,MODERATE,HIGH,32.73,20
AP0207,Vijayawada-Visakhapatnam,Express,Nellore,2024-10-17,63,31,49.39,358.18,444.9,13791.93,81.02,October,Thursday,10:05,10,0,0,0,0,Clear,Market Stop,27,15,31,19,8,1,19,8,38,60.32,45,71.43,MODERATE,MODERATE,30.16,32
AP0208,Ongole-Hyderabad,Express,Kurnool,2024-06-11,63,51,81.51,299.29,329.69,16814.38,69.43,June,Tuesday,17:50,17,1,0,0,0,Cloudy,Railway Station Stop,20,30,51,20,10,4,20,10,57,90.48,57,90.48,HIGH,HIGH,31.75,12
AP0209,Hyderabad-Visakhapatnam,Super Luxury,Vijayawada,2024-04-19,49,37,76.8,609.5,706.84,26153.11,118.25,April,Friday,09:10,9,1,0,0,0,Clear,Market Stop,23,15,37,8,3,5,8,3,35,71.43,33,67.35,MODERATE,MODERATE,16.33,12
AP0210,Guntur-Hyderabad,Semi-Sleeper,Guntur,2024-01-25,59,43,73.27,312.83,272.95,11737.0,84.41,January,Thursday,14:05,14,0,0,0,0,Cloudy,College Road Stop,26,15,43,12,3,2,12,3,44,74.58,41,69.49,MODERATE,MODERATE,20.34,16
AP0211,Eluru-Hyderabad,Volvo AC,Guntur,2024-06-08,49,37,75.81,422.58,901.55,33357.41,102.25,June,Saturday,17:40,17,1,1,0,0,Rainy,College Road Stop,9,15,37,26,11,2,26,11,46,93.88,46,93.88,HIGH,HIGH,53.06,12
AP0212,Kadapa-Hyderabad,Super Luxury,Kurnool,2024-09-23,53,49,93.85,281.13,351.54,17225.22,63.18,September,Monday,15:45,15,0,0,0,0,Rainy,Main Road Stop,15,15,49,13,9,5,13,9,53,100.0,53,100.0,HIGH,HIGH,24.53,4
AP0213,Hyderabad-Visakhapatnam,Sleeper,Nellore,2024-09-19,36,24,68.84,595.82,598.54,14365.04,114.94,September,Thursday,11:35,11,0,0,0,0,Hot,City Center Stop,27,5,24,11,4,5,11,4,23,63.89,33,91.67,MODERATE,HIGH,30.56,12
AP0214,Chittoor-Bangalore,Ordinary,Tirupati,2024-11-03,55,39,72.52,196.57,148.05,5773.97,37.59,November,Sunday,19:05,19,1,1,0,0,Rainy,City Center Stop,7,5,39,16,8,4,16,8,43,78.18,49,89.09,MODERATE,HIGH,29.09,16
AP0215,Vijayawada-Visakhapatnam,Volvo AC,Kurnool,2024-01-07,57,31,55.82,213.31,591.21,18327.37,49.38,January,Sunday,18:05,18,1,1,0,0,Rainy,City Center Stop,26,15,31,16,7,3,16,7,35,61.4,41,71.93,MODERATE,MODERATE,28.07,26
AP0216,Anantapur-Bangalore,Volvo AC,Kurnool,2024-08-17,53,39,75.18,326.73,908.29,35423.41,89.2,August,Saturday,18:20,18,1,1,0,0,Rainy,Main Road Stop,11,15,39,33,7,3,33,7,43,81.13,45,84.91,HIGH,HIGH,62.26,14
AP0217,Eluru-Hyderabad,Sleeper,Vijayawada,2024-07-06,36,30,83.69,250.59,521.18,15635.34,55.99,July,Saturday,10:25,10,0,1,0,0,Cloudy,College Road Stop,19,15,30,23,7,1,23,7,36,100.0,32,88.89,HIGH,HIGH,63.89,6
AP0218,Anantapur-Bangalore,Sleeper,Tirupati,2024-09-08,40,20,50.84,305.67,576.36,11527.1,80.61,September,Sunday,09:55,9,1,1,0,0,Rainy,Central Bus Station,17,15,20,22,4,7,22,4,17,42.5,26,65.0,LOW,MODERATE,55.0,20
AP0219,Hyderabad-Visakhapatnam,Super Luxury,Hyderabad,2024-04-14,49,39,79.82,615.7,751.79,29319.63,131.96,April,Sunday,21:15,21,0,1,0,1,Hot,Central Bus Station,22,10,39,19,5,4,19,5,40,81.63,42,85.71,HIGH,HIGH,38.78,10
AP0220,Hyderabad-Vijayawada,Ordinary,Hyderabad,2024-08-19,55,55,100.0,279.88,201.55,11085.29,64.09,August,Monday,13:10,13,0,0,0,0,Clear,City Center Stop,26,20,55,6,6,6,6,6,55,100.0,47,85.45,HIGH,HIGH,10.91,0
AP0221,Vijayawada-Tirupati,Volvo AC,Visakhapatnam,2024-12-08,53,30,58.05,480.17,313.66,9409.72,83.52,December,Sunday,12:55,12,0,1,1,0,Cloudy,Central Bus Station,12,20,30,20,8,4,20,8,34,64.15,37,69.81,MODERATE,MODERATE,37.74,23
AP0222,Nellore-Chennai,Sleeper,Visakhapatnam,2024-05-31,36,21,58.48,429.31,591.22,12415.6,78.31,May,Friday,14:05,14,0,0,0,0,Clear,City Center Stop,7,5,21,23,5,6,23,5,20,55.56,23,63.89,LOW,MODERATE,63.89,15
AP0223,Hyderabad-Vijayawada,Sleeper,Tirupati,2024-09-17,40,37,94.48,258.85,555.55,20555.4,84.12,September,Tuesday,17:00,17,1,0,0,0,Rainy,Market Stop,14,15,37,13,6,3,13,6,40,100.0,35,87.5,HIGH,HIGH,32.5,3
AP0224,Ongole-Hyderabad,Semi-Sleeper,Vijayawada,2024-04-14,59,55,94.67,263.86,298.57,16421.38,69.52,April,Sunday,22:25,22,0,1,0,0,Clear,Main Road Stop,20,20,55,15,7,3,15,7,59,100.0,53,89.83,HIGH,HIGH,25.42,4
AP0225,Rajahmundry-Hyderabad,Ordinary,Vijayawada,2024-09-14,59,43,74.21,285.65,326.98,14059.97,54.49,September,Saturday,12:20,12,0,1,0,0,Rainy,Central Bus Station,24,20,43,17,7,1,17,7,49,83.05,58,98.31,HIGH,HIGH,28.81,16
AP0226,Guntur-Hyderabad,Sleeper,Guntur,2024-07-01,40,34,87.44,313.5,707.38,24050.84,81.88,July,Monday,21:35,21,0,0,1,0,Rainy,College Road Stop,24,10,34,21,9,3,21,9,40,100.0,40,100.0,HIGH,HIGH,52.5,6
AP0227,Rajahmundry-Hyderabad,Ordinary,Visakhapatnam,2024-06-22,59,52,89.61,327.87,100.0,5200.0,76.63,June,Saturday,06:50,6,0,1,0,0,Hot,College Road Stop,12,30,52,22,8,8,22,8,52,88.14,56,94.92,HIGH,HIGH,37.29,7
AP0228,Hyderabad-Vijayawada,Sleeper,Visakhapatnam,2024-05-28,44,40,92.03,287.56,481.76,19270.31,74.71,May,Tuesday,15:55,15,0,0,0,0,Clear,Market Stop,29,20,40,24,6,2,24,6,44,100.0,44,100.0,HIGH,HIGH,54.55,4
AP0229,Ongole-Hyderabad,Semi-Sleeper,Kurnool,2024-12-10,63,58,92.6,462.48,303.03,17575.77,119.8,December,Tuesday,16:15,16,0,0,1,0,Cloudy,College Road Stop,5,15,58,15,5,7,15,5,56,88.89,55,87.3,HIGH,HIGH,23.81,5
AP0230,Guntur-Hyderabad,Volvo AC,Guntur,2024-04-04,49,39,79.71,431.27,691.97,26986.8,86.91,April,Thursday,09:55,9,1,0,0,0,Rainy,Main Road Stop,6,20,39,26,4,3,26,4,40,81.63,38,77.55,HIGH,MODERATE,53.06,10
AP0231,Eluru-Hyderabad,Super Luxury,Nellore,2024-01-03,53,45,85.85,430.34,674.17,30337.49,83.05,January,Wednesday,10:35,10,0,0,0,1,Hot,Railway Station Stop,3,30,45,18,7,3,18,7,49,92.45,53,100.0,HIGH,HIGH,33.96,8
AP0232,Eluru-Hyderabad,Semi-Sleeper,Visakhapatnam,2024-05-23,55,42,78.08,336.15,330.16,13866.56,95.48,May,Thursday,13:00,13,0,0,1,0,Hot,Main Road Stop,28,10,42,12,8,5,12,8,45,81.82,51,92.73,HIGH,HIGH,21.82,13
AP0233,Nellore-Chennai,Ordinary,Tirupati,2024-10-28,59,25,42.99,220.65,233.28,5831.95,41.15,October,Monday,22:55,22,0,0,0,0,Cloudy,Railway Station Stop,8,5,25,14,4,9,14,4,20,33.9,28,47.46,LOW,LOW,23.73,34
AP0234,Kurnool-Hyderabad,Super Luxury,Visakhapatnam,2024-03-30,45,43,97.3,336.6,451.94,19433.32,74.6,March,Saturday,15:05,15,0,1,0,0,Cloudy,Central Bus Station,19,15,43,16,4,5,16,4,42,93.33,44,97.78,HIGH,HIGH,35.56,2
AP0235,Kakinada-Vijayawada,Semi-Sleeper,Tirupati,2024-08-30,59,43,72.97,427.38,187.21,8049.95,79.18,August,Friday,21:35,21,0,0,0,0,Clear,Market Stop,25,5,43,13,9,7,13,9,45,76.27,51,86.44,MODERATE,HIGH,22.03,16
AP0236,Eluru-Hyderabad,Semi-Sleeper,Visakhapatnam,2024-11-05,59,40,69.01,180.12,388.16,15526.28,31.79,November,Tuesday,19:45,19,1,0,0,0,Hot,Railway Station Stop,24,30,40,15,6,1,15,6,45,76.27,45,76.27,MODERATE,MODERATE,25.42,19
AP0237,Nellore-Chennai,Sleeper,Vijayawada,2024-03-11,36,30,85.25,205.54,425.38,12761.46,64.82,March,Monday,14:10,14,0,0,0,0,Clear,Railway Station Stop,29,30,30,9,4,5,9,4,29,80.56,27,75.0,HIGH,MODERATE,25.0,6
AP0238,Vijayawada-Visakhapatnam,Sleeper,Kurnool,2024-09-10,40,26,66.07,536.13,603.22,15683.61,89.22,September,Tuesday,19:15,19,1,0,0,0,Cloudy,Market Stop,4,20,26,17,11,4,17,11,33,82.5,36,90.0,HIGH,HIGH,42.5,14
AP0239,Nellore-Chennai,Express,Kurnool,2024-05-31,63,48,76.56,268.18,337.52,16201.01,59.63,May,Friday,06:25,6,0,0,0,0,Rainy,Railway Station Stop,14,30,48,9,6,3,9,6,51,80.95,55,87.3,HIGH,HIGH,14.29,15
AP0240,Kadapa-Hyderabad,Volvo AC,Kurnool,2024-07-01,49,46,94.6,306.82,816.31,37550.38,80.93,July,Monday,09:50,9,1,0,0,0,Clear,Railway Station Stop,17,5,46,22,6,3,22,6,49,100.0,46,93.88,HIGH,HIGH,44.9,3
AP0241,Hyderabad-Vijayawada,Express,Nellore,2024-04-27,63,34,54.52,286.6,448.01,15232.2,55.05,April,Saturday,20:10,20,0,1,0,0,Clear,Main Road Stop,22,20,34,15,8,7,15,8,35,55.56,47,74.6,LOW,MODERATE,23.81,29
AP0242,Kadapa-Hyderabad,Ordinary,Hyderabad,2024-03-18,63,63,100.0,327.35,244.94,15431.02,87.7,March,Monday,19:35,19,1,0,0,0,Clear,Main Road Stop,20,15,63,26,5,5,26,5,63,100.0,60,95.24,HIGH,HIGH,41.27,0
AP0243,Chittoor-Bangalore,Super Luxury,Nellore,2024-09-15,45,40,90.86,385.62,882.69,35307.52,84.96,September,Sunday,11:25,11,0,1,1,0,Rainy,Railway Station Stop,18,10,40,13,7,4,13,7,43,95.56,42,93.33,HIGH,HIGH,28.89,5
AP0244,Kadapa-Hyderabad,Super Luxury,Hyderabad,2024-09-01,49,49,100.0,160.4,853.05,41799.36,34.6,September,Sunday,14:05,14,0,1,0,0,Clear,City Center Stop,11,10,49,9,0,5,9,0,44,89.8,44,89.8,HIGH,HIGH,18.37,0
AP0245,Hyderabad-Tirupati,Express,Visakhapatnam,2024-03-14,55,39,72.08,514.99,503.3,19628.56,228.38,March,Thursday,16:40,16,0,0,0,0,Clear,College Road Stop,5,15,39,21,5,4,21,5,40,72.73,41,74.55,MODERATE,MODERATE,38.18,16
AP0246,Vijayawada-Tirupati,Volvo AC,Kurnool,2024-11-08,57,35,62.84,62.87,702.65,24592.7,14.38,November,Friday,20:45,20,0,0,0,0,Cloudy,Railway Station Stop,15,20,35,11,8,2,11,8,41,71.93,42,73.68,MODERATE,MODERATE,19.3,22
AP0247,Vijayawada-Visakhapatnam,Semi-Sleeper,Hyderabad,2024-02-05,55,20,38.04,426.61,278.38,5567.65,77.83,February,Monday,16:30,16,0,0,0,0,Clear,City Center Stop,10,5,20,12,9,3,12,9,26,47.27,31,56.36,LOW,LOW,21.82,35
AP0248,Vijayawada-Tirupati,Semi-Sleeper,Tirupati,2024-06-30,59,24,40.93,265.97,173.68,4168.2,70.7,June,Sunday,13:10,13,0,1,0,0,Rainy,City Center Stop,18,20,24,13,3,1,13,3,26,44.07,24,40.68,LOW,LOW,22.03,35
AP0249,Eluru-Hyderabad,Express,Hyderabad,2024-01-07,59,44,74.79,107.58,347.39,15285.26,20.66,January,Sunday,13:05,13,0,1,0,0,Clear,Railway Station Stop,25,30,44,19,8,3,19,8,49,83.05,48,81.36,HIGH,HIGH,32.2,15
AP0250,Guntur-Hyderabad,Express,Visakhapatnam,2024-05-21,63,52,82.74,465.98,406.7,21148.35,110.99,May,Tuesday,13:25,13,0,0,0,1,Clear,Central Bus Station,18,5,52,24,5,4,24,5,53,84.13,55,87.3,HIGH,HIGH,38.1,11
AP0251,Rajahmundry-Hyderabad,Sleeper,Vijayawada,2024-06-09,36,30,84.16,396.64,549.21,16476.16,88.7,June,Sunday,16:30,16,0,1,0,0,Clear,Railway Station Stop,19,30,30,19,9,7,19,9,32,88.89,34,94.44,HIGH,HIGH,52.78,6
AP0252,Hyderabad-Visakhapatnam,Sleeper,Tirupati,2024-03-01,40,29,72.54,630.35,551.84,16003.32,95.07,March,Friday,20:30,20,0,0,0,0,Clear,Railway Station Stop,4,20,29,12,8,8,12,8,29,72.5,35,87.5,MODERATE,HIGH,30.0,11
AP0253,Kadapa-Hyderabad,Express,Tirupati,2024-07-16,59,45,77.28,567.37,370.45,16670.06,108.02,July,Tuesday,13:10,13,0,0,0,0,Clear,Main Road Stop,21,10,45,7,7,2,7,7,50,84.75,52,88.14,HIGH,HIGH,11.86,14
AP0254,Hyderabad-Visakhapatnam,Ordinary,Vijayawada,2024-06-15,59,52,88.56,607.54,284.92,14816.09,112.6,June,Saturday,11:30,11,0,1,0,0,Rainy,City Center Stop,15,20,52,26,11,5,26,11,58,98.31,56,94.92,HIGH,HIGH,44.07,7
AP0255,Guntur-Hyderabad,Volvo AC,Nellore,2024-10-03,53,40,75.86,136.69,1079.45,43177.81,30.57,October,Thursday,11:15,11,0,0,0,0,Clear,City Center Stop,6,20,40,17,9,1,17,9,48,90.57,49,92.45,HIGH,HIGH,32.08,13
AP0256,Vijayawada-Visakhapatnam,Express,Nellore,2024-08-01,63,47,76.18,382.31,479.54,22538.56,88.95,August,Thursday,18:40,18,1,0,0,0,Clear,Main Road Stop,8,20,47,17,11,1,17,11,57,90.48,59,93.65,HIGH,HIGH,26.98,16
AP0257,Vijayawada-Visakhapatnam,Volvo AC,Kurnool,2024-03-06,53,15,28.74,386.72,741.64,11124.57,67.02,March,Wednesday,20:45,20,0,0,0,0,Clear,Market Stop,24,5,15,21,7,5,21,7,17,32.08,16,30.19,LOW,LOW,39.62,38
AP0258,Rajahmundry-Hyderabad,Semi-Sleeper,Visakhapatnam,2024-03-29,63,55,88.22,379.88,256.67,14116.73,97.44,March,Friday,09:35,9,1,0,0,0,Clear,Main Road Stop,28,5,55,17,14,6,17,14,63,100.0,55,87.3,HIGH,HIGH,26.98,8
AP0259,Anantapur-Bangalore,Express,Visakhapatnam,2024-02-24,55,17,31.23,537.33,411.33,6992.56,100.17,February,Saturday,08:00,8,1,1,0,0,Hot,Main Road Stop,17,20,17,28,4,2,28,4,19,34.55,24,43.64,LOW,LOW,50.91,38
AP0260,Rajahmundry-Hyderabad,Semi-Sleeper,Vijayawada,2024-09-15,59,36,62.3,433.38,288.78,10396.03,104.23,September,Sunday,15:55,15,0,1,0,0,Clear,Main Road Stop,30,10,36,21,6,4,21,6,38,64.41,38,64.41,MODERATE,MODERATE,35.59,23
AP0261,Anantapur-Bangalore,Express,Visakhapatnam,2024-04-10,55,27,49.69,428.18,345.35,9324.43,86.43,April,Wednesday,10:00,10,0,0,0,0,Hot,Market Stop,8,10,27,6,6,3,6,6,30,54.55,31,56.36,LOW,LOW,10.91,28
AP0262,Vijayawada-Visakhapatnam,Semi-Sleeper,Kurnool,2024-01-21,63,30,49.15,342.04,277.21,8316.28,70.35,January,Sunday,20:55,20,0,1,0,0,Clear,Main Road Stop,11,15,30,15,10,5,15,10,35,55.56,36,57.14,LOW,LOW,23.81,33
AP0263,Ongole-Hyderabad,Sleeper,Vijayawada,2024-07-14,44,31,71.17,289.66,485.98,15065.32,61.35,July,Sunday,12:00,12,0,1,0,0,Clear,Central Bus Station,29,20,31,17,9,7,17,9,33,75.0,38,86.36,MODERATE,HIGH,38.64,13
AP0264,Rajahmundry-Hyderabad,Volvo AC,Vijayawada,2024-05-13,57,32,56.14,383.85,695.2,22246.42,90.03,May,Monday,10:30,10,0,0,0,0,Clear,Market Stop,7,5,32,28,10,2,28,10,40,70.18,50,87.72,MODERATE,HIGH,49.12,25
AP0265,Hyderabad-Tirupati,Volvo AC,Tirupati,2024-10-12,53,48,91.25,553.35,534.41,25651.81,120.55,October,Saturday,21:05,21,0,1,0,1,Clear,Railway Station Stop,21,30,48,13,2,3,13,2,47,88.68,48,90.57,HIGH,HIGH,24.53,5
AP0266,Kakinada-Vijayawada,Sleeper,Tirupati,2024-03-15,36,18,51.79,271.6,598.25,10768.48,54.46,March,Friday,10:05,10,0,0,0,0,Rainy,Main Road Stop,9,15,18,23,13,5,23,13,26,72.22,34,94.44,MODERATE,HIGH,63.89,18
AP0267,Rajahmundry-Hyderabad,Semi-Sleeper,Hyderabad,2024-09-04,63,58,93.38,301.09,241.76,14021.97,63.55,September,Wednesday,12:40,12,0,0,0,0,Clear,Railway Station Stop,12,5,58,12,6,1,12,6,63,100.0,63,100.0,HIGH,HIGH,19.05,5
AP0268,Chittoor-Bangalore,Semi-Sleeper,Hyderabad,2024-08-14,63,33,52.44,249.97,319.43,10541.12,63.16,August,Wednesday,10:40,10,0,0,0,0,Clear,Main Road Stop,16,5,33,5,5,1,5,5,37,58.73,39,61.9,LOW,MODERATE,7.94,30
AP0269,Rajahmundry-Hyderabad,Sleeper,Guntur,2024-11-28,36,27,77.69,422.36,792.5,21397.59,83.9,November,Thursday,09:05,9,1,0,0,0,Cloudy,College Road Stop,13,30,27,19,2,6,19,2,23,63.89,24,66.67,MODERATE,MODERATE,52.78,9
AP0270,Eluru-Hyderabad,Express,Visakhapatnam,2024-02-15,63,53,84.76,312.07,427.27,22645.3,86.95,February,Thursday,06:55,6,0,0,0,0,Cloudy,Railway Station Stop,27,5,53,12,9,4,12,9,58,92.06,59,93.65,HIGH,HIGH,19.05,10
AP0271,Guntur-Hyderabad,Semi-Sleeper,Tirupati,2024-12-09,63,44,70.45,296.47,173.85,7649.49,66.96,December,Monday,07:15,7,1,0,0,0,Hot,City Center Stop,30,15,44,14,6,6,14,6,44,69.84,57,90.48,MODERATE,HIGH,22.22,19
AP0272,Ongole-Hyderabad,Express,Kurnool,2024-06-21,63,43,68.47,434.34,470.95,20250.64,88.71,June,Friday,10:15,10,0,0,0,0,Hot,Central Bus Station,17,20,43,14,10,2,14,10,51,80.95,53,84.13,HIGH,HIGH,22.22,20
AP0273,Kurnool-Hyderabad,Semi-Sleeper,Nellore,2024-04-29,55,49,89.13,415.94,413.34,20253.64,99.25,April,Monday,07:15,7,1,0,0,0,Cloudy,City Center Stop,17,15,49,26,9,4,26,9,54,98.18,54,98.18,HIGH,HIGH,47.27,6
AP0274,Guntur-Hyderabad,Sleeper,Guntur,2024-03-29,36,25,71.72,348.06,678.42,16960.57,81.75,March,Friday,15:25,15,0,0,0,1,Rainy,Market Stop,4,10,25,20,9,1,20,9,33,91.67,32,88.89,HIGH,HIGH,55.56,11
AP0275,Ongole-Hyderabad,Super Luxury,Guntur,2024-09-20,49,28,58.98,284.44,441.95,12374.53,61.58,September,Friday,17:10,17,1,0,0,0,Rainy,Central Bus Station,9,5,28,19,5,5,19,5,28,57.14,27,55.1,LOW,LOW,38.78,21
AP0276,Hyderabad-Visakhapatnam,Ordinary,Guntur,2024-03-02,63,49,78.22,621.18,322.2,15787.68,98.56,March,Saturday,13:25,13,0,1,0,0,Clear,College Road Stop,4,20,49,11,8,6,11,8,51,80.95,52,82.54,HIGH,HIGH,17.46,14
AP0277,Hyderabad-Vijayawada,Semi-Sleeper,Tirupati,2024-06-20,55,50,92.43,262.88,255.6,12780.21,66.93,June,Thursday,12:10,12,0,0,0,0,Cloudy,Main Road Stop,26,15,50,12,6,1,12,6,55,100.0,52,94.55,HIGH,HIGH,21.82,5
AP0278,Hyderabad-Vijayawada,Sleeper,Guntur,2024-11-27,44,33,75.42,284.8,607.6,20050.93,42.83,November,Wednesday,14:00,14,0,0,0,0,Clear,Main Road Stop,9,5,33,13,9,8,13,9,34,77.27,36,81.82,MODERATE,HIGH,29.55,11
AP0279,Guntur-Hyderabad,Volvo AC,Kurnool,2024-01-21,53,50,95.6,315.1,902.24,45112.03,74.74,January,Sunday,20:20,20,0,1,0,0,Rainy,City Center Stop,12,5,50,21,6,3,21,6,53,100.0,50,94.34,HIGH,HIGH,39.62,3
AP0280,Hyderabad-Tirupati,Semi-Sleeper,Tirupati,2024-03-16,63,58,92.99,525.86,296.39,17190.78,116.24,March,Saturday,20:40,20,0,1,0,0,Hot,Main Road Stop,26,15,58,14,8,3,14,8,63,100.0,54,85.71,HIGH,HIGH,22.22,5
AP0281,Kadapa-Hyderabad,Super Luxury,Kurnool,2024-03-27,53,32,61.04,354.36,465.6,14899.21,60.51,March,Wednesday,07:45,7,1,0,0,0,Clear,Railway Station Stop,22,5,32,12,4,3,12,4,33,62.26,33,62.26,MODERATE,MODERATE,22.64,21
AP0282,Guntur-Hyderabad,Semi-Sleeper,Kurnool,2024-05-21,59,32,55.2,327.98,190.6,6099.28,115.25,May,Tuesday,11:20,11,0,0,0,0,Rainy,Main Road Stop,20,10,32,11,8,1,11,8,39,66.1,36,61.02,MODERATE,MODERATE,18.64,27
AP0283,Hyderabad-Tirupati,Sleeper,Tirupati,2024-12-18,40,21,53.14,557.45,714.84,15011.62,117.83,December,Wednesday,11:15,11,0,0,0,0,Hot,Central Bus Station,4,5,21,13,13,1,13,13,33,82.5,30,75.0,HIGH,MODERATE,32.5,19
AP0284,Kakinada-Vijayawada,Sleeper,Guntur,2024-01-17,44,44,100.0,291.92,786.43,34602.76,56.32,January,Wednesday,11:45,11,0,0,0,0,Clear,Central Bus Station,18,20,44,19,5,5,19,5,44,100.0,33,75.0,HIGH,MODERATE,43.18,0
AP0285,Nellore-Chennai,Sleeper,Visakhapatnam,2024-05-26,44,35,79.85,540.12,735.17,25730.86,121.33,May,Sunday,15:40,15,0,1,0,0,Clear,Central Bus Station,18,20,35,20,0,5,20,0,30,68.18,35,79.55,MODERATE,MODERATE,45.45,9
AP0286,Anantapur-Bangalore,Sleeper,Nellore,2024-04-18,44,13,29.73,433.13,572.49,7442.33,99.46,April,Thursday,13:45,13,0,0,0,0,Hot,Market Stop,11,20,13,23,8,1,23,8,20,45.45,18,40.91,LOW,LOW,52.27,31
AP0287,Chittoor-Bangalore,Sleeper,Hyderabad,2024-11-19,36,22,62.94,312.3,613.05,13487.08,62.96,November,Tuesday,07:50,7,1,0,0,0,Hot,Market Stop,23,5,22,21,11,6,21,11,27,75.0,31,86.11,MODERATE,HIGH,58.33,14
AP0288,Ongole-Hyderabad,Ordinary,Nellore,2024-08-12,63,49,79.01,502.14,196.38,9622.62,122.26,August,Monday,13:45,13,0,0,0,0,Clear,Central Bus Station,29,10,49,17,7,6,17,7,50,79.37,59,93.65,MODERATE,HIGH,26.98,14
AP0289,Chittoor-Bangalore,Express,Visakhapatnam,2024-11-02,63,35,56.63,483.02,451.19,15791.73,86.85,November,Saturday,14:55,14,0,1,0,0,Clear,Market Stop,10,10,35,3,3,2,3,3,36,57.14,40,63.49,LOW,MODERATE,4.76,28
AP0290,Anantapur-Bangalore,Sleeper,Vijayawada,2024-03-24,36,21,60.14,445.31,494.66,10387.85,94.15,March,Sunday,09:20,9,1,1,0,0,Cloudy,Main Road Stop,12,20,21,23,7,4,23,7,24,66.67,30,83.33,MODERATE,HIGH,63.89,15
AP0291,Guntur-Hyderabad,Super Luxury,Guntur,2024-08-22,45,34,76.63,381.69,428.44,14567.0,63.4,August,Thursday,20:20,20,0,0,0,0,Clear,Railway Station Stop,12,30,34,6,6,6,6,6,34,75.56,35,77.78,MODERATE,MODERATE,13.33,11
AP0292,Hyderabad-Vijayawada,Sleeper,Nellore,2024-04-08,44,37,85.99,290.72,347.31,12850.46,68.7,April,Monday,07:15,7,1,0,0,1,Clear,City Center Stop,26,10,37,25,5,2,25,5,40,90.91,44,100.0,HIGH,HIGH,56.82,7
AP0293,Kadapa-Hyderabad,Ordinary,Guntur,2024-06-20,59,53,90.77,257.1,270.99,14362.42,92.65,June,Thursday,21:10,21,0,0,0,0,Clear,College Road Stop,5,20,53,30,11,5,30,11,59,100.0,59,100.0,HIGH,HIGH,50.85,6
AP0294,Eluru-Hyderabad,Ordinary,Nellore,2024-01-07,63,43,69.82,223.31,243.74,10480.75,49.24,January,Sunday,09:40,9,1,1,0,0,Clear,City Center Stop,28,15,43,22,8,3,22,8,48,76.19,58,92.06,MODERATE,HIGH,34.92,20
AP0295,Vijayawada-Visakhapatnam,Sleeper,Hyderabad,2024-05-05,36,18,51.4,115.05,526.41,9475.33,24.13,May,Sunday,20:40,20,0,1,0,0,Cloudy,Main Road Stop,24,30,18,7,5,3,7,5,20,55.56,19,52.78,LOW,LOW,19.44,18
AP0296,Anantapur-Bangalore,Ordinary,Hyderabad,2024-11-16,59,54,92.31,377.19,327.19,17668.16,69.51,November,Saturday,21:45,21,0,1,0,0,Cloudy,Main Road Stop,16,5,54,14,11,6,14,11,59,100.0,57,96.61,HIGH,HIGH,23.73,5
AP0297,Eluru-Hyderabad,Volvo AC,Hyderabad,2024-06-02,57,32,57.8,238.53,790.81,25305.79,52.1,June,Sunday,22:10,22,0,1,0,0,Cloudy,College Road Stop,19,30,32,9,3,3,9,3,32,56.14,43,75.44,LOW,MODERATE,15.79,25
AP0298,Anantapur-Bangalore,Semi-Sleeper,Kurnool,2024-05-01,63,47,74.73,169.62,238.12,11191.54,40.23,May,Wednesday,19:25,19,1,0,0,0,Rainy,Main Road Stop,28,15,47,16,6,2,16,6,51,80.95,57,90.48,HIGH,HIGH,25.4,16
AP0299,Kadapa-Hyderabad,Sleeper,Vijayawada,2024-10-11,40,16,40.7,467.31,614.54,9832.65,97.44,October,Friday,19:10,19,1,0,0,0,Clear,City Center Stop,24,10,16,33,6,3,33,6,19,47.5,21,52.5,LOW,LOW,82.5,24
AP0300,Kadapa-Hyderabad,Super Luxury,Nellore,2024-12-08,45,36,80.96,507.28,597.25,21501.16,107.92,December,Sunday,16:50,16,0,1,0,0,Clear,Market Stop,10,5,36,18,13,4,18,13,45,100.0,40,88.89,HIGH,HIGH,40.0,9
AP0301,Hyderabad-Tirupati,Super Luxury,Vijayawada,2024-01-21,49,42,87.73,545.8,681.42,28619.81,132.4,January,Sunday,19:15,19,1,1,0,0,Clear,Main Road Stop,4,30,42,22,6,5,22,6,43,87.76,34,69.39,HIGH,MODERATE,44.9,7
AP0302,Chittoor-Bangalore,Super Luxury,Nellore,2024-04-20,53,33,63.33,332.81,413.76,13654.0,92.1,April,Saturday,10:05,10,0,1,0,0,Clear,City Center Stop,21,30,33,10,2,6,10,2,29,54.72,36,67.92,LOW,MODERATE,18.87,20
AP0303,Hyderabad-Visakhapatnam,Super Luxury,Tirupati,2024-12-06,45,39,88.49,606.2,643.78,25107.39,107.25,December,Friday,14:30,14,0,0,0,1,Clear,Railway Station Stop,7,5,39,15,6,1,15,6,44,97.78,41,91.11,HIGH,HIGH,33.33,6
AP0304,Nellore-Chennai,Volvo AC,Guntur,2024-12-19,57,17,29.94,375.8,1328.87,22590.77,102.0,December,Thursday,14:50,14,0,0,0,0,Clear,College Road Stop,5,15,17,21,9,6,21,9,20,35.09,28,49.12,LOW,LOW,36.84,40
AP0305,Anantapur-Bangalore,Semi-Sleeper,Guntur,2024-07-02,59,34,59.02,313.82,206.36,7016.39,66.43,July,Tuesday,20:50,20,0,0,0,0,Clear,Market Stop,30,20,34,14,10,2,14,10,42,71.19,41,69.49,MODERATE,MODERATE,23.73,25
AP0306,Vijayawada-Visakhapatnam,Ordinary,Kurnool,2024-04-11,59,43,73.07,172.7,251.5,10814.6,31.35,April,Thursday,14:05,14,0,0,0,0,Clear,Central Bus Station,16,15,43,0,0,4,0,0,39,66.1,44,74.58,MODERATE,MODERATE,0.0,16
AP0307,Anantapur-Bangalore,Ordinary,Kurnool,2024-06-27,63,55,87.49,327.82,202.35,11129.09,65.05,June,Thursday,13:15,13,0,0,0,0,Cloudy,College Road Stop,21,5,55,27,12,7,27,12,60,95.24,55,87.3,HIGH,HIGH,42.86,8
AP0308,Vijayawada-Tirupati,Semi-Sleeper,Visakhapatnam,2024-06-11,63,33,53.26,478.07,345.52,11402.04,99.49,June,Tuesday,16:05,16,0,0,0,0,Cloudy,Central Bus Station,9,10,33,13,9,6,13,9,36,57.14,36,57.14,LOW,LOW,20.63,30
AP0309,Eluru-Hyderabad,Ordinary,Tirupati,2024-01-13,63,39,63.08,336.47,168.14,6557.53,63.45,January,Saturday,12:15,12,0,1,0,0,Hot,Railway Station Stop,5,10,39,14,5,2,14,5,42,66.67,48,76.19,MODERATE,MODERATE,22.22,24
AP0310,Eluru-Hyderabad,Semi-Sleeper,Guntur,2024-11-15,63,44,71.38,357.9,406.57,17888.86,66.73,November,Friday,10:30,10,0,0,0,0,Rainy,Market Stop,4,10,44,21,13,2,21,13,55,87.3,62,98.41,HIGH,HIGH,33.33,19
AP0311,Ongole-Hyderabad,Sleeper,Tirupati,2024-05-14,40,35,87.94,296.44,587.19,20551.68,57.17,May,Tuesday,14:15,14,0,0,0,1,Cloudy,College Road Stop,12,30,35,20,7,4,20,7,38,95.0,36,90.0,HIGH,HIGH,50.0,5
AP0312,Hyderabad-Tirupati,Ordinary,Tirupati,2024-09-13,55,47,85.73,561.67,291.2,13686.56,114.89,September,Friday,13:00,13,0,0,0,0,Clear,City Center Stop,3,10,47,16,6,2,16,6,51,92.73,53,96.36,HIGH,HIGH,29.09,8
AP0313,Vijayawada-Visakhapatnam,Super Luxury,Vijayawada,2024-12-23,49,20,42.55,333.69,566.62,11332.37,85.47,December,Monday,11:30,11,0,0,0,0,Cloudy,Market Stop,14,20,20,9,7,4,9,7,23,46.94,25,51.02,LOW,LOW,18.37,29
AP0314,Anantapur-Bangalore,Super Luxury,Visakhapatnam,2024-05-24,49,47,97.61,389.06,764.51,35932.11,75.78,May,Friday,13:00,13,0,0,0,1,Clear,City Center Stop,12,30,47,10,4,6,10,4,45,91.84,42,85.71,HIGH,HIGH,20.41,2
AP0315,Kurnool-Hyderabad,Express,Vijayawada,2024-04-20,59,29,50.73,333.86,386.36,11204.3,84.9,April,Saturday,13:10,13,0,1,0,1,Clear,Central Bus Station,17,20,29,19,7,2,19,7,34,57.63,33,55.93,LOW,LOW,32.2,30
AP0316,Eluru-Hyderabad,Volvo AC,Vijayawada,2024-04-27,53,34,65.55,303.07,974.58,33135.85,76.89,April,Saturday,12:00,12,0,1,0,0,Clear,Central Bus Station,19,20,34,21,7,0,21,7,41,77.36,37,69.81,MODERATE,MODERATE,39.62,19
AP0317,Kadapa-Hyderabad,Sleeper,Nellore,2024-01-31,36,20,56.41,498.12,814.38,16287.5,120.99,January,Wednesday,13:05,13,0,0,0,0,Clear,City Center Stop,11,5,20,8,8,6,8,8,22,61.11,25,69.44,MODERATE,MODERATE,22.22,16
AP0318,Hyderabad-Vijayawada,Semi-Sleeper,Vijayawada,2024-02-22,59,55,93.58,287.11,394.04,21672.25,77.16,February,Thursday,17:25,17,1,0,0,0,Clear,Railway Station Stop,15,5,55,16,7,5,16,7,57,96.61,52,88.14,HIGH,HIGH,27.12,4
AP0319,Nellore-Chennai,Semi-Sleeper,Kurnool,2024-10-16,63,38,61.31,280.45,157.55,5986.9,48.81,October,Wednesday,12:50,12,0,0,0,0,Cloudy,Market Stop,5,20,38,19,4,3,19,4,39,61.9,37,58.73,MODERATE,LOW,30.16,25
AP0320,Hyderabad-Visakhapatnam,Express,Nellore,2024-11-01,59,44,75.23,603.44,337.38,14844.76,130.5,November,Friday,22:45,22,0,0,0,0,Rainy,Central Bus Station,11,20,44,11,3,6,11,3,41,69.49,42,71.19,MODERATE,MODERATE,18.64,15
AP0321,Nellore-Chennai,Ordinary,Kurnool,2024-06-10,55,23,42.66,368.49,316.01,7268.18,100.75,June,Monday,21:05,21,0,0,0,0,Rainy,Main Road Stop,30,20,23,12,9,0,12,9,32,58.18,35,63.64,LOW,MODERATE,21.82,32
AP0322,Chittoor-Bangalore,Volvo AC,Tirupati,2024-08-05,57,20,36.22,376.54,424.09,8481.76,93.35,August,Monday,14:00,14,0,0,0,0,Cloudy,College Road Stop,30,15,20,10,8,3,10,8,25,43.86,31,54.39,LOW,LOW,17.54,37
AP0323,Kadapa-Hyderabad,Ordinary,Tirupati,2024-08-22,59,52,88.89,308.55,363.82,18918.63,76.89,August,Thursday,12:20,12,0,0,0,1,Clear,College Road Stop,16,15,52,17,6,3,17,6,55,93.22,58,98.31,HIGH,HIGH,28.81,7
AP0324,Kadapa-Hyderabad,Sleeper,Hyderabad,2024-10-19,44,30,69.09,574.11,581.51,17445.32,137.62,October,Saturday,14:35,14,0,1,0,0,Clear,City Center Stop,29,5,30,3,3,5,3,3,28,63.64,35,79.55,MODERATE,MODERATE,6.82,14
AP0325,Kakinada-Vijayawada,Ordinary,Guntur,2024-09-12,55,32,59.4,250.38,100.0,3200.0,56.25,September,Thursday,20:40,20,0,0,0,0,Cloudy,Market Stop,17,10,32,9,9,7,9,9,34,61.82,35,63.64,MODERATE,MODERATE,16.36,23
AP0326,Ongole-Hyderabad,Super Luxury,Tirupati,2024-06-14,53,29,55.11,266.88,632.99,18356.64,47.37,June,Friday,16:45,16,0,0,0,0,Clear,Market Stop,6,15,29,13,12,10,13,12,31,58.49,34,64.15,LOW,MODERATE,24.53,24
AP0327,Anantapur-Bangalore,Semi-Sleeper,Kurnool,2024-09-20,55,21,38.56,340.16,303.64,6376.41,81.91,September,Friday,19:20,19,1,0,0,0,Clear,Central Bus Station,27,5,21,21,6,7,21,6,20,36.36,24,43.64,LOW,LOW,38.18,34
AP0328,Kurnool-Hyderabad,Volvo AC,Vijayawada,2024-09-08,53,37,69.9,369.23,827.66,30623.41,84.27,September,Sunday,14:10,14,0,1,0,0,Clear,Central Bus Station,14,5,37,19,8,6,19,8,39,73.58,47,88.68,MODERATE,HIGH,35.85,16
AP0329,Anantapur-Bangalore,Super Luxury,Guntur,2024-04-11,45,28,62.38,241.76,338.42,9475.84,47.12,April,Thursday,16:00,16,0,0,0,0,Hot,Market Stop,20,5,28,23,11,2,23,11,37,82.22,33,73.33,HIGH,MODERATE,51.11,17
AP0330,Nellore-Chennai,Express,Kurnool,2024-01-17,63,38,61.65,93.77,417.65,15870.65,21.57,January,Wednesday,12:05,12,0,0,0,0,Cloudy,Railway Station Stop,21,10,38,21,6,4,21,6,40,63.49,45,71.43,MODERATE,MODERATE,33.33,25
AP0331,Chittoor-Bangalore,Semi-Sleeper,Tirupati,2024-12-05,59,32,54.74,551.79,248.46,7950.69,118.08,December,Thursday,18:00,18,1,0,0,0,Clear,Central Bus Station,11,30,32,25,8,4,25,8,36,61.02,45,76.27,MODERATE,MODERATE,42.37,27
AP0332,Kurnool-Hyderabad,Volvo AC,Nellore,2024-06-23,57,39,69.96,273.69,711.61,27752.65,59.39,June,Sunday,11:50,11,0,1,0,0,Cloudy,Market Stop,23,20,39,11,8,4,11,8,43,75.44,38,66.67,MODERATE,MODERATE,19.3,18
AP0333,Ongole-Hyderabad,Ordinary,Vijayawada,2024-01-07,55,30,55.68,474.41,229.12,6873.71,123.5,January,Sunday,17:15,17,1,1,0,0,Clear,Railway Station Stop,17,30,30,16,4,5,16,4,29,52.73,32,58.18,LOW,LOW,29.09,25
AP0334,Vijayawada-Visakhapatnam,Ordinary,Kurnool,2024-04-20,55,53,96.75,366.48,391.69,20759.45,80.71,April,Saturday,20:45,20,0,1,0,0,Clear,College Road Stop,13,10,53,12,6,4,12,6,55,100.0,53,96.36,HIGH,HIGH,21.82,2
AP0335,Hyderabad-Tirupati,Ordinary,Visakhapatnam,2024-07-13,55,50,92.3,509.98,279.7,13984.85,132.9,July,Saturday,10:30,10,0,1,0,0,Clear,City Center Stop,11,15,50,16,7,2,16,7,55,100.0,55,100.0,HIGH,HIGH,29.09,5
AP0336,Kadapa-Hyderabad,Ordinary,Guntur,2024-01-04,63,31,50.35,367.26,241.74,7493.93,88.59,January,Thursday,16:30,16,0,0,0,0,Clear,Market Stop,23,30,31,17,10,5,17,10,36,57.14,38,60.32,LOW,MODERATE,26.98,32
AP0337,Kakinada-Vijayawada,Ordinary,Nellore,2024-07-17,59,36,61.03,223.98,292.97,10546.82,55.9,July,Wednesday,09:25,9,1,0,1,0,Cloudy,Market Stop,9,10,36,28,4,6,28,4,34,57.63,44,74.58,LOW,MODERATE,47.46,23
AP0338,Kakinada-Vijayawada,Ordinary,Vijayawada,2024-12-25,63,48,77.29,382.57,213.17,10232.04,90.99,December,Wednesday,18:45,18,1,0,0,0,Clear,City Center Stop,6,20,48,19,8,6,19,8,50,79.37,52,82.54,MODERATE,HIGH,30.16,15
AP0339,Vijayawada-Visakhapatnam,Volvo AC,Visakhapatnam,2024-02-16,53,18,34.85,323.7,637.83,11480.91,106.78,February,Friday,08:00,8,1,0,0,0,Rainy,College Road Stop,27,20,18,27,12,9,27,12,21,39.62,24,45.28,LOW,LOW,50.94,35
AP0340,Eluru-Hyderabad,Ordinary,Kurnool,2024-08-11,59,42,72.66,453.56,162.87,6840.69,117.15,August,Sunday,21:05,21,0,1,0,1,Clear,Main Road Stop,12,30,42,25,14,5,25,14,51,86.44,57,96.61,HIGH,HIGH,42.37,17
AP0341,Kadapa-Hyderabad,Express,Guntur,2024-07-20,59,47,81.18,331.96,410.77,19306.17,59.3,July,Saturday,10:25,10,0,1,1,0,Cloudy,College Road Stop,20,30,47,21,12,3,21,12,56,94.92,54,91.53,HIGH,HIGH,35.59,12
AP0342,Ongole-Hyderabad,Sleeper,Nellore,2024-11-26,44,31,71.0,266.13,443.69,13754.32,55.19,November,Tuesday,22:20,22,0,0,0,0,Cloudy,Central Bus Station,23,20,31,12,4,3,12,4,32,72.73,44,100.0,MODERATE,HIGH,27.27,13
AP0343,Kadapa-Hyderabad,Express,Visakhapatnam,2024-05-18,55,32,58.52,354.8,561.66,17973.03,74.45,May,Saturday,19:30,19,1,1,0,0,Cloudy,Market Stop,26,15,32,15,9,4,15,9,37,67.27,45,81.82,MODERATE,HIGH,27.27,23
AP0344,Vijayawada-Tirupati,Ordinary,Vijayawada,2024-05-04,59,37,63.14,403.51,192.67,7128.75,79.0,May,Saturday,15:40,15,0,1,0,0,Cloudy,Main Road Stop,20,30,37,7,7,3,7,7,41,69.49,41,69.49,MODERATE,MODERATE,11.86,22
AP0345,Hyderabad-Visakhapatnam,Ordinary,Visakhapatnam,2024-01-08,59,43,73.17,597.17,292.08,12559.36,122.11,January,Monday,19:35,19,1,0,0,0,Hot,City Center Stop,22,20,43,16,9,5,16,9,47,79.66,49,83.05,MODERATE,HIGH,27.12,16
AP0346,Ongole-Hyderabad,Volvo AC,Nellore,2024-12-07,49,25,51.82,373.22,751.82,18795.44,105.5,December,Saturday,19:15,19,1,1,0,0,Clear,Central Bus Station,26,10,25,22,6,1,22,6,30,61.22,31,63.27,MODERATE,MODERATE,44.9,24
AP0347,Kadapa-Hyderabad,Semi-Sleeper,Tirupati,2024-02-24,59,42,71.89,301.0,299.48,12578.12,61.75,February,Saturday,22:15,22,0,1,0,0,Cloudy,City Center Stop,29,20,42,15,3,6,15,3,39,66.1,39,66.1,MODERATE,MODERATE,25.42,17
AP0348,Nellore-Chennai,Super Luxury,Kurnool,2024-11-22,53,31,58.68,699.59,534.49,16569.25,210.13,November,Friday,12:45,12,0,0,0,1,Cloudy,Main Road Stop,4,15,31,9,7,3,9,7,35,66.04,32,60.38,MODERATE,MODERATE,16.98,22
AP0349,Hyderabad-Vijayawada,Super Luxury,Tirupati,2024-04-25,49,31,64.92,292.88,587.32,18206.78,72.74,April,Thursday,15:10,15,0,0,0,0,Clear,Central Bus Station,23,10,31,9,9,3,9,9,37,75.51,40,81.63,MODERATE,HIGH,18.37,18
AP0350,Kadapa-Hyderabad,Volvo AC,Guntur,2024-07-11,53,29,56.33,398.72,1075.74,31196.52,79.33,July,Thursday,09:30,9,1,0,0,0,Clear,Railway Station Stop,7,15,29,21,9,4,21,9,34,64.15,32,60.38,MODERATE,MODERATE,39.62,24
AP0351,Hyderabad-Vijayawada,Semi-Sleeper,Vijayawada,2024-05-28,55,47,85.63,282.38,163.16,7668.69,48.17,May,Tuesday,16:30,16,0,0,0,0,Clear,College Road Stop,27,20,47,7,7,3,7,7,51,92.73,47,85.45,HIGH,HIGH,12.73,8
AP0352,Hyderabad-Tirupati,Volvo AC,Vijayawada,2024-05-11,57,44,77.6,545.27,763.64,33600.38,104.11,May,Saturday,10:45,10,0,1,0,0,Clear,Central Bus Station,4,30,44,15,9,8,15,9,45,78.95,49,85.96,MODERATE,HIGH,26.32,13
AP0353,Kurnool-Hyderabad,Express,Tirupati,2024-04-21,55,41,74.82,264.0,254.88,10450.18,71.82,April,Sunday,15:40,15,0,1,0,0,Clear,Central Bus Station,9,15,41,10,9,7,10,9,43,78.18,38,69.09,MODERATE,MODERATE,18.18,14
AP0354,Kurnool-Hyderabad,Semi-Sleeper,Tirupati,2024-07-13,59,56,95.78,351.11,139.51,7812.63,69.28,July,Saturday,15:25,15,0,1,0,0,Clear,Central Bus Station,8,5,56,8,4,1,8,4,59,100.0,59,100.0,HIGH,HIGH,13.56,3
AP0355,Eluru-Hyderabad,Super Luxury,Nellore,2024-06-29,49,28,58.93,356.32,785.37,21990.29,64.22,June,Saturday,14:15,14,0,1,0,0,Cloudy,Market Stop,19,30,28,12,7,4,12,7,31,63.27,34,69.39,MODERATE,MODERATE,24.49,21
AP0356,Nellore-Chennai,Volvo AC,Nellore,2024-12-22,49,35,73.32,419.02,766.56,26829.63,170.8,December,Sunday,14:20,14,0,1,0,0,Clear,Central Bus Station,3,15,35,14,8,1,14,8,42,85.71,47,95.92,HIGH,HIGH,28.57,14
AP0357,Rajahmundry-Hyderabad,Express,Nellore,2024-08-26,59,42,72.56,417.94,499.5,20978.92,116.71,August,Monday,19:20,19,1,0,0,0,Rainy,College Road Stop,3,10,42,17,13,4,17,13,51,86.44,54,91.53,HIGH,HIGH,28.81,17
AP0358,Rajahmundry-Hyderabad,Sleeper,Guntur,2024-07-24,40,25,64.84,292.93,389.35,9733.87,57.58,July,Wednesday,19:10,19,1,0,0,0,Clear,Central Bus Station,17,20,25,19,8,1,19,8,32,80.0,32,80.0,HIGH,HIGH,47.5,15
AP0359,Rajahmundry-Hyderabad,Semi-Sleeper,Visakhapatnam,2024-02-28,59,37,63.73,523.89,306.43,11337.88,99.16,February,Wednesday,14:35,14,0,0,0,0,Cloudy,College Road Stop,30,10,37,15,8,5,15,8,40,67.8,43,72.88,MODERATE,MODERATE,25.42,22
AP0360,Kurnool-Hyderabad,Express,Vijayawada,2024-02-17,59,45,77.0,125.93,225.16,10132.28,29.53,February,Saturday,15:10,15,0,1,0,0,Clear,City Center Stop,17,10,45,7,7,4,7,7,48,81.36,50,84.75,HIGH,HIGH,11.86,14
AP0361,Vijayawada-Visakhapatnam,Ordinary,Visakhapatnam,2024-03-21,55,35,65.0,265.26,219.28,7674.88,53.79,March,Thursday,21:35,21,0,0,0,0,Clear,College Road Stop,15,30,35,2,2,7,2,2,30,54.55,32,58.18,LOW,LOW,3.64,20
AP0362,Rajahmundry-Hyderabad,Express,Nellore,2024-09-07,55,55,100.0,308.22,367.93,20236.33,58.67,September,Saturday,09:45,9,1,1,0,0,Clear,City Center Stop,21,30,55,11,4,4,11,4,55,100.0,52,94.55,HIGH,HIGH,20.0,0
AP0363,Rajahmundry-Hyderabad,Sleeper,Hyderabad,2024-03-16,36,20,56.67,393.95,466.16,9323.18,76.9,March,Saturday,09:55,9,1,1,0,0,Cloudy,City Center Stop,18,15,20,17,9,3,17,9,26,72.22,32,88.89,MODERATE,HIGH,47.22,16
AP0364,Eluru-Hyderabad,Sleeper,Nellore,2024-05-07,40,32,82.4,395.42,361.52,11568.65,97.1,May,Tuesday,08:05,8,1,0,0,0,Clear,Central Bus Station,13,10,32,12,6,5,12,6,33,82.5,40,100.0,HIGH,HIGH,30.0,8
AP0365,Vijayawada-Visakhapatnam,Express,Hyderabad,2024-06-16,63,43,69.1,538.23,393.97,16940.76,119.4,June,Sunday,17:45,17,1,1,0,0,Hot,Market Stop,19,30,43,18,8,2,18,8,49,77.78,52,82.54,MODERATE,HIGH,28.57,20
AP0366,Hyderabad-Tirupati,Sleeper,Hyderabad,2024-04-04,36,16,45.77,554.68,667.46,10679.41,118.42,April,Thursday,13:05,13,0,0,0,0,Clear,College Road Stop,3,5,16,22,6,3,22,6,19,52.78,21,58.33,LOW,LOW,61.11,20
AP0367,Vijayawada-Visakhapatnam,Volvo AC,Nellore,2024-04-23,49,23,48.78,285.06,993.5,22850.44,55.7,April,Tuesday,19:20,19,1,0,0,0,Cloudy,Market Stop,9,20,23,12,8,7,12,8,24,48.98,27,55.1,LOW,LOW,24.49,26
AP0368,Kurnool-Hyderabad,Super Luxury,Visakhapatnam,2024-05-19,49,32,65.4,227.31,610.46,19534.78,54.74,May,Sunday,17:10,17,1,1,0,0,Clear,College Road Stop,21,15,32,18,10,3,18,10,39,79.59,41,83.67,MODERATE,HIGH,36.73,17
AP0369,Hyderabad-Vijayawada,Semi-Sleeper,Hyderabad,2024-01-19,55,39,72.22,266.96,330.73,12898.28,85.18,January,Friday,12:05,12,0,0,0,0,Cloudy,College Road Stop,12,30,39,25,7,3,25,7,43,78.18,45,81.82,MODERATE,HIGH,45.45,16
AP0370,Guntur-Hyderabad,Sleeper,Visakhapatnam,2024-03-19,36,24,66.78,488.73,671.94,16126.52,90.22,March,Tuesday,21:10,21,0,0,0,1,Clear,City Center Stop,4,15,24,19,2,5,19,2,21,58.33,23,63.89,LOW,MODERATE,52.78,12
AP0371,Kurnool-Hyderabad,Semi-Sleeper,Nellore,2024-12-26,55,37,67.58,392.45,371.63,13750.2,89.9,December,Thursday,19:00,19,1,0,0,0,Clear,Main Road Stop,6,30,37,18,10,5,18,10,42,76.36,50,90.91,MODERATE,HIGH,32.73,18
AP0372,Rajahmundry-Hyderabad,Express,Kurnool,2024-06-17,59,44,76.16,388.82,267.17,11755.41,85.81,June,Monday,12:45,12,0,0,0,0,Clear,Market Stop,27,5,44,11,8,2,11,8,50,84.75,59,100.0,HIGH,HIGH,18.64,15
AP0373,Vijayawada-Tirupati,Express,Vijayawada,2024-09-22,55,37,67.49,200.35,265.32,9816.98,50.34,September,Sunday,13:00,13,0,1,0,1,Clear,Central Bus Station,12,20,37,20,5,3,20,5,39,70.91,47,85.45,MODERATE,HIGH,36.36,18
AP0374,Hyderabad-Visakhapatnam,Ordinary,Visakhapatnam,2024-10-21,59,35,59.94,593.65,176.25,6168.79,122.44,October,Monday,12:20,12,0,0,0,0,Clear,Main Road Stop,3,5,35,22,10,7,22,10,38,64.41,37,62.71,MODERATE,MODERATE,37.29,24
AP0375,Anantapur-Bangalore,Sleeper,Nellore,2024-11-17,40,25,63.71,309.89,684.99,17124.77,51.68,November,Sunday,10:40,10,0,1,0,0,Hot,Main Road Stop,23,20,25,9,4,4,9,4,25,62.5,21,52.5,MODERATE,LOW,22.5,15
AP0376,Ongole-Hyderabad,Sleeper,Vijayawada,2024-02-17,44,42,96.83,468.99,537.12,22558.85,88.31,February,Saturday,10:55,10,0,1,0,0,Clear,Market Stop,17,5,42,7,6,4,7,6,44,100.0,44,100.0,HIGH,HIGH,15.91,2
AP0377,Guntur-Hyderabad,Ordinary,Visakhapatnam,2024-11-10,55,28,51.95,565.53,302.45,8468.55,152.11,November,Sunday,21:50,21,0,1,0,0,Clear,Market Stop,15,30,28,4,4,3,4,4,29,52.73,24,43.64,LOW,LOW,7.27,27
AP0378,Guntur-Hyderabad,Super Luxury,Guntur,2024-10-27,49,27,55.1,299.66,658.6,17782.32,68.31,October,Sunday,13:05,13,0,1,0,0,Hot,City Center Stop,28,20,27,13,1,1,13,1,27,55.1,35,71.43,LOW,MODERATE,26.53,22
AP0379,Vijayawada-Visakhapatnam,Ordinary,Hyderabad,2024-10-14,55,32,58.76,311.46,295.76,9464.47,64.4,October,Monday,13:55,13,0,0,0,0,Clear,College Road Stop,11,5,32,4,4,2,4,4,34,61.82,39,70.91,MODERATE,MODERATE,7.27,23
AP0380,Guntur-Hyderabad,Semi-Sleeper,Hyderabad,2024-05-06,59,44,74.79,372.53,385.97,16982.71,88.61,May,Monday,18:35,18,1,0,0,1,Clear,College Road Stop,19,30,44,22,7,5,22,7,46,77.97,46,77.97,MODERATE,MODERATE,37.29,15
AP0381,Rajahmundry-Hyderabad,Volvo AC,Nellore,2024-02-10,49,24,50.9,376.39,712.65,17103.53,114.74,February,Saturday,15:10,15,0,1,0,0,Cloudy,Central Bus Station,23,10,24,7,6,2,7,6,28,57.14,31,63.27,LOW,MODERATE,14.29,25
AP0382,Kakinada-Vijayawada,Express,Tirupati,2024-02-16,55,20,37.43,385.92,458.71,9174.28,77.89,February,Friday,21:25,21,0,0,0,0,Hot,Market Stop,20,15,20,18,6,3,18,6,23,41.82,30,54.55,LOW,LOW,32.73,35
AP0383,Eluru-Hyderabad,Ordinary,Hyderabad,2024-11-26,59,50,85.47,418.21,230.3,11514.76,73.5,November,Tuesday,19:55,19,1,0,0,0,Cloudy,College Road Stop,8,5,50,17,8,4,17,8,54,91.53,56,94.92,HIGH,HIGH,28.81,9
AP0384,Hyderabad-Visakhapatnam,Semi-Sleeper,Nellore,2024-06-22,63,51,81.79,573.45,282.63,14414.14,128.69,June,Saturday,14:20,14,0,1,0,0,Clear,Main Road Stop,22,5,51,14,7,3,14,7,55,87.3,52,82.54,HIGH,HIGH,22.22,12
AP0385,Hyderabad-Tirupati,Express,Kurnool,2024-07-27,59,52,88.31,574.44,486.92,25319.61,147.38,July,Saturday,13:10,13,0,1,0,0,Hot,Market Stop,23,10,52,2,2,7,2,2,47,79.66,51,86.44,MODERATE,HIGH,3.39,7
AP0386,Rajahmundry-Hyderabad,Sleeper,Kurnool,2024-02-25,36,32,91.11,380.38,592.65,18964.76,74.92,February,Sunday,22:50,22,0,1,0,0,Clear,College Road Stop,6,15,32,13,9,5,13,9,36,100.0,33,91.67,HIGH,HIGH,36.11,4
AP0387,Anantapur-Bangalore,Sleeper,Vijayawada,2024-09-08,40,29,73.86,188.46,459.05,13312.48,65.63,September,Sunday,18:55,18,1,1,0,1,Hot,College Road Stop,7,15,29,18,7,5,18,7,31,77.5,40,100.0,MODERATE,HIGH,45.0,11
AP0388,Anantapur-Bangalore,Sleeper,Nellore,2024-05-14,36,8,24.53,389.66,613.77,4910.17,112.98,May,Tuesday,22:55,22,0,0,0,0,Rainy,City Center Stop,21,30,8,11,6,7,11,6,7,19.44,15,41.67,LOW,LOW,30.56,28
AP0389,Kadapa-Hyderabad,Super Luxury,Kurnool,2024-02-07,49,29,59.9,224.35,746.84,21658.32,43.56,February,Wednesday,09:55,9,1,0,0,0,Hot,Market Stop,6,5,29,33,5,2,33,5,32,65.31,34,69.39,MODERATE,MODERATE,67.35,20
AP0390,Vijayawada-Tirupati,Sleeper,Guntur,2024-03-09,44,34,79.16,280.56,854.09,29039.08,58.89,March,Saturday,20:50,20,0,1,0,0,Clear,Market Stop,27,20,34,18,10,3,18,10,41,93.18,40,90.91,HIGH,HIGH,40.91,10
AP0391,Hyderabad-Vijayawada,Volvo AC,Tirupati,2024-02-21,57,28,50.1,287.86,819.92,22957.79,75.62,February,Wednesday,16:25,16,0,0,0,0,Clear,Market Stop,6,5,28,11,4,3,11,4,29,50.88,24,42.11,LOW,LOW,19.3,29
AP0392,Nellore-Chennai,Ordinary,Guntur,2024-12-27,55,30,54.9,235.45,293.91,8817.32,69.06,December,Friday,09:10,9,1,0,0,0,Cloudy,College Road Stop,30,10,30,39,8,3,39,8,35,63.64,39,70.91,MODERATE,MODERATE,70.91,25
AP0393,Kakinada-Vijayawada,Ordinary,Hyderabad,2024-04-27,63,27,42.97,302.53,231.62,6253.63,56.8,April,Saturday,15:35,15,0,1,0,0,Clear,Market Stop,21,5,27,7,6,5,7,6,28,44.44,30,47.62,LOW,LOW,11.11,36
AP0394,Vijayawada-Tirupati,Express,Nellore,2024-10-11,63,39,63.29,328.72,417.48,16281.79,73.54,October,Friday,17:10,17,1,0,1,0,Clear,Market Stop,15,5,39,31,6,6,31,6,39,61.9,45,71.43,MODERATE,MODERATE,49.21,24
AP0395,Eluru-Hyderabad,Sleeper,Nellore,2024-09-03,44,26,61.22,73.89,799.99,20799.8,17.73,September,Tuesday,05:25,5,0,0,0,0,Hot,Main Road Stop,10,15,26,3,3,4,3,3,25,56.82,27,61.36,LOW,MODERATE,6.82,18
AP0396,Nellore-Chennai,Sleeper,Vijayawada,2024-05-17,40,25,63.22,321.9,963.11,24077.82,66.51,May,Friday,13:35,13,0,0,0,0,Cloudy,Market Stop,12,30,25,11,6,4,11,6,27,67.5,24,60.0,MODERATE,MODERATE,27.5,15
AP0397,Eluru-Hyderabad,Volvo AC,Visakhapatnam,2024-05-31,57,29,52.09,212.24,821.15,23813.35,52.43,May,Friday,20:55,20,0,0,0,0,Clear,Main Road Stop,23,20,29,4,4,4,4,4,29,50.88,31,54.39,LOW,LOW,7.02,28
AP0398,Nellore-Chennai,Super Luxury,Guntur,2024-06-23,45,22,49.94,537.1,824.71,18143.71,111.62,June,Sunday,12:15,12,0,1,0,0,Clear,Railway Station Stop,24,30,22,14,9,2,14,9,29,64.44,32,71.11,MODERATE,MODERATE,31.11,23
AP0399,Kakinada-Vijayawada,Ordinary,Guntur,2024-08-26,59,35,60.07,314.12,100.0,3500.0,69.11,August,Monday,13:15,13,0,0,0,0,Clear,City Center Stop,8,15,35,12,6,1,12,6,40,67.8,43,72.88,MODERATE,MODERATE,20.34,24
AP0400,Kadapa-Hyderabad,Ordinary,Guntur,2024-10-08,59,37,63.16,248.27,223.14,8256.24,54.85,October,Tuesday,13:40,13,0,0,1,0,Clear,College Road Stop,18,5,37,14,8,11,14,8,34,57.63,39,66.1,LOW,MODERATE,23.73,22
AP0401,Hyderabad-Vijayawada,Super Luxury,Nellore,2024-07-25,53,50,95.02,274.31,680.6,34029.87,70.55,July,Thursday,12:00,12,0,0,0,0,Clear,Market Stop,30,10,50,19,11,8,19,11,53,100.0,50,94.34,HIGH,HIGH,35.85,3
AP0402,Kadapa-Hyderabad,Sleeper,Visakhapatnam,2024-11-07,36,31,87.57,441.54,502.65,15582.07,82.4,November,Thursday,21:30,21,0,0,1,0,Rainy,City Center Stop,10,30,31,15,3,3,15,3,31,86.11,30,83.33,HIGH,HIGH,41.67,5
AP0403,Hyderabad-Vijayawada,Sleeper,Hyderabad,2024-12-04,44,35,80.05,278.99,651.96,22818.51,91.38,December,Wednesday,19:40,19,1,0,0,0,Cloudy,City Center Stop,22,5,35,22,8,4,22,8,39,88.64,38,86.36,HIGH,HIGH,50.0,9
AP0404,Hyderabad-Tirupati,Express,Hyderabad,2024-05-25,55,49,90.35,593.94,390.99,19158.39,163.12,May,Saturday,09:30,9,1,1,0,0,Clear,Market Stop,7,5,49,25,5,10,25,5,44,80.0,47,85.45,HIGH,HIGH,45.45,6
AP0405,Hyderabad-Tirupati,Express,Kurnool,2024-06-21,63,46,73.69,554.79,266.18,12244.47,136.91,June,Friday,22:20,22,0,0,0,0,Clear,College Road Stop,26,30,46,3,3,5,3,3,44,69.84,58,92.06,MODERATE,HIGH,4.76,17
AP0406,Hyderabad-Visakhapatnam,Express,Guntur,2024-12-04,55,52,95.19,572.47,370.52,19267.15,114.59,December,Wednesday,20:45,20,0,0,0,0,Cloudy,Market Stop,7,5,52,8,7,4,8,7,55,100.0,55,100.0,HIGH,HIGH,14.55,3
AP0407,Hyderabad-Tirupati,Semi-Sleeper,Kurnool,2024-11-26,59,42,72.23,513.68,200.05,8402.2,151.87,November,Tuesday,12:20,12,0,0,0,0,Rainy,City Center Stop,11,30,42,14,6,7,14,6,41,69.49,40,67.8,MODERATE,MODERATE,23.73,17
AP0408,Kakinada-Vijayawada,Super Luxury,Visakhapatnam,2024-11-12,45,23,51.91,494.62,766.52,17629.91,145.95,November,Tuesday,20:40,20,0,0,0,1,Rainy,Market Stop,15,20,23,23,4,0,23,4,27,60.0,34,75.56,MODERATE,MODERATE,51.11,22
AP0409,Nellore-Chennai,Ordinary,Tirupati,2024-11-09,55,49,89.12,133.45,286.58,14042.54,28.13,November,Saturday,09:25,9,1,1,0,0,Clear,Main Road Stop,13,20,49,29,9,3,29,9,55,100.0,52,94.55,HIGH,HIGH,52.73,6
AP0410,Vijayawada-Visakhapatnam,Ordinary,Visakhapatnam,2024-08-07,55,49,90.52,507.8,335.94,16461.05,140.31,August,Wednesday,22:00,22,0,0,0,0,Rainy,Central Bus Station,7,15,49,13,11,6,13,11,54,98.18,48,87.27,HIGH,HIGH,23.64,6
AP0411,Guntur-Hyderabad,Sleeper,Vijayawada,2024-09-01,44,35,79.67,496.9,735.51,25742.94,117.93,September,Sunday,17:30,17,1,1,1,0,Clear,City Center Stop,20,5,35,22,2,10,22,2,27,61.36,22,50.0,MODERATE,LOW,50.0,9
AP0412,Guntur-Hyderabad,Semi-Sleeper,Vijayawada,2024-02-28,63,31,49.5,265.24,190.11,5893.27,66.67,February,Wednesday,16:00,16,0,0,0,0,Clear,Main Road Stop,3,15,31,7,4,5,7,4,30,47.62,31,49.21,LOW,LOW,11.11,32
AP0413,Rajahmundry-Hyderabad,Sleeper,Visakhapatnam,2024-12-11,36,31,87.91,245.97,869.66,26959.53,52.42,December,Wednesday,08:55,8,1,0,0,0,Rainy,College Road Stop,30,30,31,24,8,3,24,8,36,100.0,34,94.44,HIGH,HIGH,66.67,5
AP0414,Kurnool-Hyderabad,Express,Kurnool,2024-08-09,59,51,87.82,568.81,334.22,17045.04,115.48,August,Friday,21:35,21,0,0,0,0,Clear,Central Bus Station,4,30,51,10,7,4,10,7,54,91.53,57,96.61,HIGH,HIGH,16.95,8
AP0415,Kadapa-Hyderabad,Ordinary,Kurnool,2024-10-04,59,38,65.86,439.83,184.61,7015.1,126.72,October,Friday,06:20,6,0,0,0,0,Clear,Railway Station Stop,12,15,38,10,10,4,10,10,44,74.58,47,79.66,MODERATE,MODERATE,16.95,21
AP0416,Kakinada-Vijayawada,Sleeper,Nellore,2024-01-28,44,37,86.17,255.06,671.83,24857.66,45.16,January,Sunday,11:25,11,0,1,0,0,Clear,Market Stop,29,30,37,11,10,5,11,10,42,95.45,36,81.82,HIGH,HIGH,25.0,7
AP0417,Nellore-Chennai,Ordinary,Guntur,2024-06-24,55,38,69.83,448.01,223.39,8488.78,93.63,June,Monday,10:35,10,0,0,0,0,Clear,Market Stop,7,20,38,15,9,4,15,9,43,78.18,50,90.91,MODERATE,HIGH,27.27,17
AP0418,Guntur-Hyderabad,Ordinary,Kurnool,2024-09-14,55,47,85.98,539.67,223.64,10511.28,137.62,September,Saturday,19:15,19,1,1,0,0,Clear,Main Road Stop,5,5,47,17,5,2,17,5,50,90.91,52,94.55,HIGH,HIGH,30.91,8
AP0419,Nellore-Chennai,Super Luxury,Hyderabad,2024-12-30,53,33,62.51,425.68,493.91,16298.9,85.31,December,Monday,11:15,11,0,0,0,1,Cloudy,Central Bus Station,23,20,33,12,9,1,12,9,41,77.36,37,69.81,MODERATE,MODERATE,22.64,20
AP0420,Anantapur-Bangalore,Super Luxury,Nellore,2024-10-30,45,22,49.92,320.41,585.4,12878.79,59.56,October,Wednesday,21:25,21,0,0,0,0,Clear,Market Stop,5,20,22,15,4,3,15,4,23,51.11,29,64.44,LOW,MODERATE,33.33,23
AP0421,Vijayawada-Tirupati,Super Luxury,Kurnool,2024-12-20,53,38,72.59,388.68,800.24,30408.95,72.34,December,Friday,17:15,17,1,0,0,0,Clear,Market Stop,28,15,38,2,2,4,2,2,36,67.92,35,66.04,MODERATE,MODERATE,3.77,15
AP0422,Hyderabad-Tirupati,Sleeper,Guntur,2024-03-14,36,19,52.87,583.65,402.57,7648.9,113.57,March,Thursday,07:45,7,1,0,0,1,Rainy,College Road Stop,15,20,19,23,9,3,23,9,25,69.44,30,83.33,MODERATE,HIGH,63.89,17
AP0423,Kadapa-Hyderabad,Super Luxury,Hyderabad,2024-07-15,53,28,54.01,329.35,674.98,18899.43,66.56,July,Monday,05:05,5,0,0,0,0,Clear,Market Stop,27,30,28,5,5,5,5,5,28,52.83,33,62.26,LOW,MODERATE,9.43,25
AP0424,Eluru-Hyderabad,Super Luxury,Guntur,2024-07-07,49,40,83.24,290.76,767.77,30710.75,63.23,July,Sunday,07:45,7,1,1,0,0,Hot,Main Road Stop,9,15,40,27,10,5,27,10,45,91.84,43,87.76,HIGH,HIGH,55.1,9
AP0425,Hyderabad-Visakhapatnam,Super Luxury,Nellore,2024-06-30,53,44,84.79,632.26,630.31,27733.56,117.91,June,Sunday,16:20,16,0,1,0,1,Clear,Main Road Stop,6,10,44,14,14,5,14,14,53,100.0,51,96.23,HIGH,HIGH,26.42,9
AP0426,Kakinada-Vijayawada,Semi-Sleeper,Visakhapatnam,2024-08-01,55,39,71.98,406.29,310.02,12090.9,107.03,August,Thursday,19:30,19,1,0,1,0,Cloudy,Railway Station Stop,29,30,39,21,7,6,21,7,40,72.73,41,74.55,MODERATE,MODERATE,38.18,16
AP0427,Hyderabad-Visakhapatnam,Ordinary,Guntur,2024-06-04,59,33,55.98,621.79,235.67,7777.04,131.92,June,Tuesday,11:05,11,0,0,0,0,Clear,Market Stop,24,30,33,12,10,6,12,10,37,62.71,30,50.85,MODERATE,LOW,20.34,26
AP0428,Nellore-Chennai,Express,Kurnool,2024-01-26,55,43,79.38,388.63,421.46,18122.64,89.62,January,Friday,20:20,20,0,0,0,0,Rainy,City Center Stop,28,20,43,10,7,3,10,7,47,85.45,39,70.91,HIGH,MODERATE,18.18,12
AP0429,Anantapur-Bangalore,Volvo AC,Visakhapatnam,2024-01-07,57,32,57.02,383.19,638.51,20432.41,74.56,January,Sunday,07:45,7,1,1,1,0,Clear,Market Stop,11,20,32,22,8,4,22,8,36,63.16,44,77.19,MODERATE,MODERATE,38.6,25
AP0430,Kadapa-Hyderabad,Super Luxury,Nellore,2024-06-27,53,51,97.38,439.54,448.05,22850.32,110.03,June,Thursday,19:15,19,1,0,0,0,Hot,Railway Station Stop,14,5,51,21,3,2,21,3,52,98.11,46,86.79,HIGH,HIGH,39.62,2
AP0431,Vijayawada-Visakhapatnam,Sleeper,Vijayawada,2024-08-09,36,33,92.15,469.25,855.94,28245.94,106.55,August,Friday,21:05,21,0,0,0,0,Clear,Central Bus Station,19,15,33,9,8,7,9,8,34,94.44,36,100.0,HIGH,HIGH,25.0,3
AP0432,Ongole-Hyderabad,Volvo AC,Tirupati,2024-04-07,53,42,79.63,399.37,868.61,36481.76,132.09,April,Sunday,19:30,19,1,1,0,0,Cloudy,Main Road Stop,15,5,42,17,8,3,17,8,47,88.68,53,100.0,HIGH,HIGH,32.08,11
AP0433,Hyderabad-Visakhapatnam,Volvo AC,Vijayawada,2024-10-19,53,27,51.77,634.64,764.65,20645.42,256.93,October,Saturday,17:05,17,1,1,0,0,Clear,City Center Stop,9,15,27,14,13,3,14,13,37,69.81,38,71.7,MODERATE,MODERATE,26.42,26
AP0434,Ongole-Hyderabad,Ordinary,Tirupati,2024-02-25,59,38,65.25,224.32,319.96,12158.53,45.15,February,Sunday,20:15,20,0,1,0,0,Clear,Market Stop,13,30,38,5,3,7,5,3,34,57.63,44,74.58,LOW,MODERATE,8.47,21
AP0435,Chittoor-Bangalore,Express,Nellore,2024-06-14,55,18,34.0,312.06,258.5,4653.04,65.48,June,Friday,07:25,7,1,0,0,0,Clear,Market Stop,20,10,18,20,7,4,20,7,21,38.18,21,38.18,LOW,LOW,36.36,37
AP0436,Eluru-Hyderabad,Semi-Sleeper,Vijayawada,2024-09-22,59,51,87.74,314.04,292.66,14925.56,66.24,September,Sunday,11:30,11,0,1,0,0,Clear,Railway Station Stop,4,30,51,14,12,4,14,12,59,100.0,50,84.75,HIGH,HIGH,23.73,8
AP0437,Nellore-Chennai,Semi-Sleeper,Visakhapatnam,2024-04-15,63,50,80.72,441.54,237.14,11857.05,108.74,April,Monday,09:35,9,1,0,0,0,Clear,Central Bus Station,12,5,50,11,7,7,11,7,50,79.37,50,79.37,MODERATE,MODERATE,17.46,13
AP0438,Vijayawada-Tirupati,Express,Hyderabad,2024-04-15,59,22,38.16,462.95,346.0,7612.03,91.76,April,Monday,14:40,14,0,0,0,0,Cloudy,Railway Station Stop,11,5,22,17,7,5,17,7,24,40.68,35,59.32,LOW,LOW,28.81,37
AP0439,Eluru-Hyderabad,Sleeper,Hyderabad,2024-02-07,36,25,69.72,344.76,702.98,17574.47,58.8,February,Wednesday,18:50,18,1,0,0,0,Clear,Market Stop,4,30,25,25,6,2,25,6,29,80.56,25,69.44,HIGH,MODERATE,69.44,11
AP0440,Hyderabad-Tirupati,Volvo AC,Nellore,2024-08-11,57,40,71.07,532.15,841.05,33642.14,90.93,August,Sunday,16:00,16,0,1,1,1,Clear,Central Bus Station,6,5,40,27,5,4,27,5,41,71.93,42,73.68,MODERATE,MODERATE,47.37,17
AP0441,Ongole-Hyderabad,Sleeper,Guntur,2024-02-08,40,39,99.39,323.63,1042.74,40667.04,61.04,February,Thursday,20:20,20,0,0,0,0,Clear,Market Stop,16,20,39,14,3,7,14,3,35,87.5,38,95.0,HIGH,HIGH,35.0,1
AP0442,Nellore-Chennai,Ordinary,Guntur,2024-05-10,59,40,68.04,328.32,178.61,7144.56,70.1,May,Friday,10:00,10,0,0,0,0,Clear,Market Stop,5,20,40,16,6,1,16,6,45,76.27,46,77.97,MODERATE,MODERATE,27.12,19
AP0443,Kadapa-Hyderabad,Semi-Sleeper,Vijayawada,2024-07-03,59,51,87.43,356.75,267.08,13620.89,73.46,July,Wednesday,18:00,18,1,0,0,0,Clear,Main Road Stop,12,10,51,33,5,6,33,5,50,84.75,55,93.22,HIGH,HIGH,55.93,8
AP0444,Guntur-Hyderabad,Semi-Sleeper,Visakhapatnam,2024-12-10,55,34,61.85,296.88,349.06,11868.01,60.75,December,Tuesday,11:10,11,0,0,0,0,Cloudy,Railway Station Stop,18,5,34,10,8,4,10,8,38,69.09,42,76.36,MODERATE,MODERATE,18.18,21
AP0445,Eluru-Hyderabad,Ordinary,Nellore,2024-02-14,63,44,70.38,499.39,282.69,12438.3,101.45,February,Wednesday,12:35,12,0,0,0,0,Clear,College Road Stop,27,10,44,6,6,5,6,6,45,71.43,51,80.95,MODERATE,HIGH,9.52,19
AP0446,Eluru-Hyderabad,Express,Vijayawada,2024-09-29,55,36,67.01,335.82,385.27,13869.72,94.52,September,Sunday,18:50,18,1,1,0,0,Rainy,Main Road Stop,5,5,36,13,7,5,13,7,38,69.09,46,83.64,MODERATE,HIGH,23.64,19
AP0447,Nellore-Chennai,Express,Vijayawada,2024-06-04,63,40,63.63,343.04,470.13,18805.02,65.82,June,Tuesday,22:45,22,0,0,0,0,Clear,City Center Stop,15,20,40,23,7,5,23,7,42,66.67,44,69.84,MODERATE,MODERATE,36.51,23
AP0448,Rajahmundry-Hyderabad,Sleeper,Nellore,2024-08-08,36,24,67.5,385.97,205.45,4930.78,83.27,August,Thursday,16:35,16,0,0,0,0,Clear,Railway Station Stop,5,30,24,23,8,1,23,8,31,86.11,30,83.33,HIGH,HIGH,63.89,12
AP0449,Ongole-Hyderabad,Semi-Sleeper,Vijayawada,2024-07-20,63,36,58.35,426.82,202.05,7273.82,91.35,July,Saturday,07:45,7,1,1,1,0,Rainy,College Road Stop,15,30,36,20,6,2,20,6,40,63.49,43,68.25,MODERATE,MODERATE,31.75,27
AP0450,Chittoor-Bangalore,Sleeper,Nellore,2024-01-01,36,27,76.26,469.96,443.39,11971.62,108.66,January,Monday,16:10,16,0,0,0,0,Clear,Central Bus Station,16,30,27,8,5,4,8,5,28,77.78,32,88.89,MODERATE,HIGH,22.22,9
AP0451,Chittoor-Bangalore,Super Luxury,Visakhapatnam,2024-03-12,53,28,53.97,503.19,367.03,10276.85,115.78,March,Tuesday,07:50,7,1,0,0,0,Clear,College Road Stop,25,20,28,18,8,5,18,8,31,58.49,28,52.83,LOW,LOW,33.96,25
AP0452,Anantapur-Bangalore,Semi-Sleeper,Tirupati,2024-12-16,59,29,50.26,359.91,347.7,10083.27,90.31,December,Monday,20:50,20,0,0,1,0,Hot,Market Stop,15,30,29,23,11,8,23,11,32,54.24,37,62.71,LOW,MODERATE,38.98,30
AP0453,Hyderabad-Vijayawada,Ordinary,Vijayawada,2024-04-11,63,63,100.0,272.02,304.84,19204.96,54.33,April,Thursday,18:05,18,1,0,0,0,Hot,College Road Stop,29,20,63,12,4,4,12,4,63,100.0,62,98.41,HIGH,HIGH,19.05,0
AP0454,Vijayawada-Tirupati,Sleeper,Visakhapatnam,2024-05-28,44,27,62.76,182.65,976.09,26354.54,45.95,May,Tuesday,10:25,10,0,0,0,0,Cloudy,College Road Stop,6,20,27,0,0,6,0,0,21,47.73,21,47.73,LOW,LOW,0.0,17
AP0455,Hyderabad-Tirupati,Express,Nellore,2024-01-28,63,43,68.98,589.45,412.0,17715.79,111.46,January,Sunday,09:45,9,1,1,0,0,Clear,Main Road Stop,4,30,43,33,8,2,33,8,49,77.78,53,84.13,MODERATE,HIGH,52.38,20
AP0456,Hyderabad-Visakhapatnam,Semi-Sleeper,Nellore,2024-02-27,59,59,100.0,590.75,262.88,15509.82,159.01,February,Tuesday,11:25,11,0,0,0,0,Cloudy,Main Road Stop,3,10,59,14,2,6,14,2,55,93.22,56,94.92,HIGH,HIGH,23.73,0
AP0457,Kadapa-Hyderabad,Volvo AC,Vijayawada,2024-09-08,57,51,90.58,489.0,998.25,50910.84,114.87,September,Sunday,22:50,22,0,1,0,0,Hot,Central Bus Station,12,15,51,15,6,0,15,6,57,100.0,47,82.46,HIGH,HIGH,26.32,6
AP0458,Hyderabad-Tirupati,Semi-Sleeper,Visakhapatnam,2024-05-21,59,46,78.45,522.61,251.53,11570.49,110.29,May,Tuesday,13:55,13,0,0,0,1,Hot,Railway Station Stop,8,30,46,16,7,4,16,7,49,83.05,59,100.0,HIGH,HIGH,27.12,13
AP0459,Kadapa-Hyderabad,Ordinary,Nellore,2024-07-29,59,44,75.15,218.64,118.08,5195.4,42.18,July,Monday,19:25,19,1,0,0,0,Clear,College Road Stop,5,10,44,23,5,4,23,5,45,76.27,49,83.05,MODERATE,HIGH,38.98,15
AP0460,Hyderabad-Tirupati,Sleeper,Visakhapatnam,2024-05-19,40,40,100.0,540.41,529.2,21167.8,102.68,May,Sunday,16:00,16,0,1,0,0,Clear,Market Stop,9,10,40,3,3,4,3,3,39,97.5,36,90.0,HIGH,HIGH,7.5,0
AP0461,Kurnool-Hyderabad,Volvo AC,Nellore,2024-05-28,53,37,70.18,299.77,674.32,24949.96,73.01,May,Tuesday,15:20,15,0,0,0,0,Clear,Central Bus Station,30,5,37,7,7,3,7,7,41,77.36,36,67.92,MODERATE,MODERATE,13.21,16
AP0462,Rajahmundry-Hyderabad,Volvo AC,Hyderabad,2024-05-22,49,39,81.16,167.94,716.77,27954.02,35.61,May,Wednesday,10:10,10,0,0,0,0,Clear,Main Road Stop,25,10,39,13,11,5,13,11,45,91.84,44,89.8,HIGH,HIGH,26.53,10
AP0463,Kakinada-Vijayawada,Express,Kurnool,2024-03-10,55,54,99.75,169.44,263.17,14211.1,30.26,March,Sunday,22:25,22,0,1,0,0,Cloudy,Market Stop,3,15,54,0,0,1,0,0,53,96.36,48,87.27,HIGH,HIGH,0.0,1
AP0464,Hyderabad-Vijayawada,Super Luxury,Tirupati,2024-02-09,49,45,93.77,303.45,727.83,32752.21,64.9,February,Friday,12:35,12,0,0,0,0,Clear,City Center Stop,28,30,45,10,5,4,10,5,46,93.88,46,93.88,HIGH,HIGH,20.41,4
AP0465,Hyderabad-Visakhapatnam,Express,Hyderabad,2024-02-25,59,37,64.27,587.4,481.42,17812.43,91.36,February,Sunday,15:25,15,0,1,0,0,Clear,Central Bus Station,8,5,37,10,6,6,10,6,37,62.71,46,77.97,MODERATE,MODERATE,16.95,22
AP0466,Anantapur-Bangalore,Sleeper,Kurnool,2024-11-27,44,31,72.04,392.33,972.95,30161.48,63.64,November,Wednesday,17:10,17,1,0,0,0,Clear,Market Stop,14,20,31,18,7,4,18,7,34,77.27,35,79.55,MODERATE,MODERATE,40.91,13
AP0467,Kurnool-Hyderabad,Express,Guntur,2024-04-03,55,46,83.73,304.03,225.57,10376.08,92.71,April,Wednesday,16:15,16,0,0,0,0,Clear,Railway Station Stop,12,20,46,9,9,4,9,9,51,92.73,45,81.82,HIGH,HIGH,16.36,9
AP0468,Rajahmundry-Hyderabad,Express,Guntur,2024-10-04,63,43,68.7,362.95,342.55,14729.45,85.23,October,Friday,21:40,21,0,0,0,0,Clear,Main Road Stop,14,30,43,6,6,4,6,6,45,71.43,43,68.25,MODERATE,MODERATE,9.52,20
AP0469,Nellore-Chennai,Sleeper,Nellore,2024-07-27,40,25,64.43,458.27,506.23,12655.76,111.15,July,Saturday,10:00,10,0,1,0,0,Clear,City Center Stop,24,20,25,1,1,1,1,1,25,62.5,32,80.0,MODERATE,HIGH,2.5,15
AP0470,Guntur-Hyderabad,Semi-Sleeper,Visakhapatnam,2024-05-20,63,34,54.04,358.07,147.03,4998.92,89.63,May,Monday,14:10,14,0,0,0,0,Clear,City Center Stop,22,5,34,13,10,7,13,10,37,58.73,42,66.67,LOW,MODERATE,20.63,29
AP0471,Hyderabad-Vijayawada,Semi-Sleeper,Hyderabad,2024-05-22,63,44,71.41,266.67,305.77,13453.67,77.1,May,Wednesday,13:50,13,0,0,0,0,Hot,Market Stop,19,15,44,10,6,4,10,6,46,73.02,47,74.6,MODERATE,MODERATE,15.87,19
AP0472,Guntur-Hyderabad,Sleeper,Visakhapatnam,2024-01-26,44,38,88.45,335.8,571.39,21712.72,86.26,January,Friday,14:05,14,0,0,0,0,Clear,College Road Stop,20,30,38,4,4,5,4,4,37,84.09,37,84.09,HIGH,HIGH,9.09,6
AP0473,Eluru-Hyderabad,Sleeper,Vijayawada,2024-01-14,40,28,70.31,355.9,493.48,13817.5,73.27,January,Sunday,09:20,9,1,1,0,0,Clear,College Road Stop,23,30,28,20,8,3,20,8,33,82.5,35,87.5,HIGH,HIGH,50.0,12
AP0474,Ongole-Hyderabad,Sleeper,Nellore,2024-04-09,44,31,71.9,453.19,526.71,16327.95,81.27,April,Tuesday,10:10,10,0,0,0,0,Clear,College Road Stop,8,20,31,10,5,6,10,5,30,68.18,38,86.36,MODERATE,HIGH,22.73,13
AP0475,Hyderabad-Tirupati,Express,Tirupati,2024-11-09,55,51,92.96,589.9,442.55,22570.0,139.97,November,Saturday,12:05,12,0,1,0,0,Clear,Main Road Stop,14,30,51,9,7,3,9,7,55,100.0,51,92.73,HIGH,HIGH,16.36,4
AP0476,Ongole-Hyderabad,Sleeper,Nellore,2024-12-17,44,30,69.06,306.17,483.61,14508.39,75.24,December,Tuesday,12:25,12,0,0,0,0,Clear,Central Bus Station,6,20,30,0,0,4,0,0,26,59.09,37,84.09,LOW,HIGH,0.0,14
AP0477,Kadapa-Hyderabad,Express,Nellore,2024-12-29,63,41,65.53,385.35,371.52,15232.46,89.72,December,Sunday,13:30,13,0,1,0,0,Clear,Market Stop,22,5,41,16,7,5,16,7,43,68.25,50,79.37,MODERATE,MODERATE,25.4,22
AP0478,Hyderabad-Tirupati,Express,Guntur,2024-08-08,59,59,100.0,544.51,273.07,16110.95,122.95,August,Thursday,16:10,16,0,0,0,0,Clear,Central Bus Station,15,30,59,5,5,6,5,5,58,98.31,58,98.31,HIGH,HIGH,8.47,0
AP0479,Kurnool-Hyderabad,Volvo AC,Vijayawada,2024-04-02,49,38,79.11,310.33,740.28,28130.66,72.38,April,Tuesday,16:00,16,0,0,0,0,Clear,Main Road Stop,20,5,38,12,6,9,12,6,35,71.43,38,77.55,MODERATE,MODERATE,24.49,11
AP0480,Kurnool-Hyderabad,Semi-Sleeper,Vijayawada,2024-04-21,55,51,93.28,417.29,245.47,12519.12,135.12,April,Sunday,13:05,13,0,1,0,0,Cloudy,Railway Station Stop,18,10,51,7,6,2,7,6,55,100.0,55,100.0,HIGH,HIGH,12.73,4
AP0481,Nellore-Chennai,Super Luxury,Nellore,2024-10-17,45,20,46.16,377.08,826.15,16522.9,79.53,October,Thursday,13:35,13,0,0,0,0,Clear,Railway Station Stop,10,10,20,10,10,5,10,10,25,55.56,31,68.89,LOW,MODERATE,22.22,25
AP0482,Guntur-Hyderabad,Ordinary,Tirupati,2024-08-12,55,29,52.97,514.95,369.06,10702.71,96.14,August,Monday,11:50,11,0,0,0,0,Clear,Main Road Stop,6,20,29,19,5,7,19,5,27,49.09,28,50.91,LOW,LOW,34.55,26
AP0483,Hyderabad-Visakhapatnam,Ordinary,Visakhapatnam,2024-10-07,63,52,83.59,627.05,146.55,7620.53,139.5,October,Monday,15:10,15,0,0,0,0,Cloudy,Central Bus Station,30,5,52,15,10,1,15,10,61,96.83,54,85.71,HIGH,HIGH,23.81,11
AP0484,Chittoor-Bangalore,Express,Guntur,2024-01-25,59,58,99.62,265.95,225.13,13057.27,61.56,January,Thursday,12:15,12,0,0,0,0,Clear,Main Road Stop,11,20,58,19,3,2,19,3,59,100.0,59,100.0,HIGH,HIGH,32.2,1
AP0485,Ongole-Hyderabad,Super Luxury,Tirupati,2024-11-27,53,37,71.63,399.12,513.12,18985.44,94.72,November,Wednesday,07:20,7,1,0,0,1,Clear,Market Stop,6,30,37,27,5,7,27,5,35,66.04,37,69.81,MODERATE,MODERATE,50.94,16
AP0486,Rajahmundry-Hyderabad,Express,Vijayawada,2024-08-26,55,52,94.77,280.86,209.06,10871.35,52.63,August,Monday,13:20,13,0,0,0,0,Clear,College Road Stop,11,20,52,14,6,3,14,6,55,100.0,49,89.09,HIGH,HIGH,25.45,3
AP0487,Kakinada-Vijayawada,Volvo AC,Tirupati,2024-03-19,53,31,58.51,355.78,868.88,26935.18,90.59,March,Tuesday,14:10,14,0,0,0,1,Clear,Market Stop,28,10,31,6,6,5,6,6,32,60.38,36,67.92,MODERATE,MODERATE,11.32,22
AP0488,Eluru-Hyderabad,Semi-Sleeper,Nellore,2024-10-18,59,38,65.96,303.14,242.07,9198.75,74.92,October,Friday,11:00,11,0,0,0,0,Clear,Main Road Stop,10,30,38,10,9,3,10,9,44,74.58,43,72.88,MODERATE,MODERATE,16.95,21
AP0489,Vijayawada-Tirupati,Sleeper,Vijayawada,2024-05-30,36,15,42.07,205.82,680.08,10201.2,39.69,May,Thursday,15:30,15,0,0,0,0,Hot,Railway Station Stop,30,10,15,11,11,10,11,11,16,44.44,27,75.0,LOW,MODERATE,30.56,21
AP0490,Ongole-Hyderabad,Express,Nellore,2024-10-01,55,35,65.14,337.87,398.91,13961.72,57.13,October,Tuesday,15:20,15,0,0,0,0,Hot,Central Bus Station,15,20,35,19,7,5,19,7,37,67.27,49,89.09,MODERATE,HIGH,34.55,20
AP0491,Kadapa-Hyderabad,Express,Guntur,2024-06-12,55,47,85.71,304.09,460.84,21659.68,77.1,June,Wednesday,17:20,17,1,0,0,0,Hot,Main Road Stop,27,15,47,17,9,1,17,9,55,100.0,51,92.73,HIGH,HIGH,30.91,8
AP0492,Hyderabad-Visakhapatnam,Semi-Sleeper,Vijayawada,2024-11-24,55,34,62.11,584.12,375.42,12764.41,166.29,November,Sunday,16:15,16,0,1,0,0,Clear,Central Bus Station,21,5,34,14,8,5,14,8,37,67.27,38,69.09,MODERATE,MODERATE,25.45,21
AP0493,Kurnool-Hyderabad,Super Luxury,Visakhapatnam,2024-02-19,53,42,80.11,401.65,729.37,30633.33,76.09,February,Monday,16:55,16,0,0,0,0,Clear,Railway Station Stop,4,5,42,13,8,6,13,8,44,83.02,52,98.11,HIGH,HIGH,24.53,11
AP0494,Hyderabad-Visakhapatnam,Sleeper,Tirupati,2024-10-16,40,40,100.0,586.06,784.21,31368.35,112.38,October,Wednesday,12:35,12,0,0,0,0,Clear,Market Stop,17,5,40,19,7,7,19,7,40,100.0,38,95.0,HIGH,HIGH,47.5,0
AP0495,Kadapa-Hyderabad,Express,Hyderabad,2024-05-17,55,55,100.0,313.32,489.3,26911.25,54.99,May,Friday,19:25,19,1,0,0,0,Clear,Railway Station Stop,14,30,55,19,3,3,19,3,55,100.0,51,92.73,HIGH,HIGH,34.55,0
AP0496,Hyderabad-Visakhapatnam,Express,Tirupati,2024-03-28,59,59,100.0,608.87,400.9,23653.36,145.18,March,Thursday,15:10,15,0,0,0,0,Clear,Railway Station Stop,8,30,59,17,0,0,17,0,59,100.0,58,98.31,HIGH,HIGH,28.81,0
AP0497,Hyderabad-Vijayawada,Super Luxury,Nellore,2024-04-15,53,33,62.34,260.72,632.62,20876.44,65.86,April,Monday,13:45,13,0,0,0,0,Clear,Market Stop,18,15,33,2,2,4,2,2,31,58.49,32,60.38,LOW,MODERATE,3.77,20
AP0498,Kurnool-Hyderabad,Express,Vijayawada,2024-10-31,63,51,81.77,440.16,490.04,24992.03,75.23,October,Thursday,16:50,16,0,0,0,0,Clear,City Center Stop,5,30,51,2,2,5,2,2,48,76.19,53,84.13,MODERATE,HIGH,3.17,12
AP0499,Hyderabad-Visakhapatnam,Volvo AC,Kurnool,2024-10-24,49,32,67.13,609.45,468.68,14997.61,145.01,October,Thursday,13:00,13,0,0,0,0,Clear,City Center Stop,22,5,32,0,0,5,0,0,27,55.1,36,73.47,LOW,MODERATE,0.0,17
AP0500,Nellore-Chennai,Ordinary,Guntur,2024-12-28,63,54,86.22,457.29,349.1,18851.17,96.06,December,Saturday,14:55,14,0,1,0,0,Clear,Central Bus Station,26,30,54,17,8,3,17,8,59,93.65,53,84.13,HIGH,HIGH,26.98,9
AP0501,Anantapur-Bangalore,Ordinary,Vijayawada,2024-12-17,55,19,35.31,318.32,279.37,5308.1,71.02,December,Tuesday,18:40,18,1,0,0,0,Cloudy,City Center Stop,5,10,19,24,7,7,24,7,19,34.55,24,43.64,LOW,LOW,43.64,36
AP0502,Rajahmundry-Hyderabad,Express,Tirupati,2024-06-07,63,46,73.57,221.95,552.94,25435.09,47.72,June,Friday,21:05,21,0,0,0,0,Clear,Main Road Stop,16,5,46,17,12,2,17,12,56,88.89,60,95.24,HIGH,HIGH,26.98,17
AP0503,Rajahmundry-Hyderabad,Semi-Sleeper,Vijayawada,2024-05-07,55,55,100.0,183.14,379.78,20887.65,34.25,May,Tuesday,21:45,21,0,0,0,0,Rainy,Main Road Stop,21,20,55,10,2,3,10,2,54,98.18,47,85.45,HIGH,HIGH,18.18,0
AP0504,Kakinada-Vijayawada,Volvo AC,Kurnool,2024-12-21,53,24,45.34,540.16,888.26,21318.27,115.03,December,Saturday,14:05,14,0,1,0,0,Clear,Railway Station Stop,4,10,24,9,9,3,9,9,30,56.6,31,58.49,LOW,LOW,16.98,29
AP0505,Nellore-Chennai,Ordinary,Hyderabad,2024-05-28,59,48,82.04,261.89,279.9,13435.27,66.64,May,Tuesday,14:00,14,0,0,0,0,Clear,Central Bus Station,13,10,48,11,5,0,11,5,53,89.83,52,88.14,HIGH,HIGH,18.64,11
AP0506,Nellore-Chennai,Super Luxury,Kurnool,2024-07-17,45,26,58.58,416.54,515.34,13398.93,68.82,July,Wednesday,19:05,19,1,0,0,0,Clear,Market Stop,10,20,26,29,9,6,29,9,29,64.44,30,66.67,MODERATE,MODERATE,64.44,19
AP0507,Ongole-Hyderabad,Volvo AC,Hyderabad,2024-11-30,57,45,79.31,438.14,647.96,29158.29,86.3,November,Saturday,12:25,12,0,1,0,0,Clear,Main Road Stop,4,10,45,22,6,6,22,6,45,78.95,46,80.7,MODERATE,HIGH,38.6,12
AP0508,Anantapur-Bangalore,Ordinary,Guntur,2024-04-04,63,54,87.11,483.22,176.7,9541.7,103.22,April,Thursday,20:35,20,0,0,0,0,Clear,Market Stop,25,20,54,17,5,5,17,5,54,85.71,48,76.19,HIGH,MODERATE,26.98,9
AP0509,Guntur-Hyderabad,Express,Guntur,2024-02-23,63,24,38.88,343.45,356.36,8552.74,72.12,February,Friday,14:20,14,0,0,0,1,Clear,College Road Stop,15,5,24,19,12,5,19,12,31,49.21,35,55.56,LOW,LOW,30.16,39
AP0510,Kakinada-Vijayawada,Super Luxury,Tirupati,2024-07-12,49,32,66.76,151.27,791.54,25329.43,35.23,July,Friday,09:05,9,1,0,0,0,Cloudy,City Center Stop,24,5,32,28,14,8,28,14,38,77.55,41,83.67,MODERATE,HIGH,57.14,17
AP0511,Kadapa-Hyderabad,Volvo AC,Kurnool,2024-12-29,49,42,86.79,258.31,1131.64,47528.94,54.25,December,Sunday,08:10,8,1,1,1,0,Clear,Main Road Stop,19,10,42,22,7,3,22,7,46,93.88,42,85.71,HIGH,HIGH,44.9,7
AP0512,Chittoor-Bangalore,Volvo AC,Guntur,2024-06-21,57,27,47.51,526.12,956.16,25816.4,116.92,June,Friday,20:50,20,0,0,0,0,Clear,Railway Station Stop,27,20,27,10,9,2,10,9,34,59.65,35,61.4,LOW,MODERATE,17.54,30
AP0513,Anantapur-Bangalore,Sleeper,Guntur,2024-07-18,40,15,39.7,276.06,1075.49,16132.33,70.38,July,Thursday,07:55,7,1,0,0,0,Hot,Market Stop,30,10,15,19,8,4,19,8,19,47.5,20,50.0,LOW,LOW,47.5,25
AP0514,Kakinada-Vijayawada,Express,Visakhapatnam,2024-09-23,55,25,47.16,369.61,655.47,16386.72,97.87,September,Monday,12:45,12,0,0,0,0,Clear,Market Stop,19,5,25,6,6,2,6,6,29,52.73,31,56.36,LOW,LOW,10.91,30
AP0515,Kakinada-Vijayawada,Express,Visakhapatnam,2024-08-17,63,47,75.13,240.78,404.06,18990.81,46.59,August,Saturday,12:05,12,0,1,0,0,Cloudy,Railway Station Stop,12,20,47,11,2,4,11,2,45,71.43,45,71.43,MODERATE,MODERATE,17.46,16
AP0516,Hyderabad-Vijayawada,Express,Tirupati,2024-06-02,63,52,83.61,267.21,558.98,29067.16,42.88,June,Sunday,10:45,10,0,1,0,0,Clear,City Center Stop,14,15,52,5,5,4,5,5,53,84.13,57,90.48,HIGH,HIGH,7.94,11
AP0517,Guntur-Hyderabad,Semi-Sleeper,Tirupati,2024-09-25,59,42,71.36,382.03,306.49,12872.43,82.33,September,Wednesday,12:40,12,0,0,0,0,Clear,Market Stop,26,15,42,18,6,4,18,6,44,74.58,52,88.14,MODERATE,HIGH,30.51,17
AP0518,Rajahmundry-Hyderabad,Sleeper,Kurnool,2024-08-02,44,34,77.8,124.38,812.83,27636.22,34.96,August,Friday,18:30,18,1,0,1,0,Clear,Central Bus Station,14,10,34,27,1,3,27,1,32,72.73,36,81.82,MODERATE,HIGH,61.36,10
AP0519,Kadapa-Hyderabad,Express,Tirupati,2024-06-12,55,49,89.15,331.86,217.31,10648.05,80.85,June,Wednesday,05:05,5,0,0,0,0,Clear,City Center Stop,17,5,49,21,7,3,21,7,53,96.36,52,94.55,HIGH,HIGH,38.18,6
AP0520,Ongole-Hyderabad,Semi-Sleeper,Visakhapatnam,2024-08-04,55,35,64.71,336.37,100.0,3500.0,62.89,August,Sunday,20:55,20,0,1,0,0,Cloudy,City Center Stop,8,5,35,2,2,6,2,2,31,56.36,36,65.45,LOW,MODERATE,3.64,20
AP0521,Hyderabad-Tirupati,Semi-Sleeper,Vijayawada,2024-03-27,59,57,97.22,536.85,371.07,21150.85,115.65,March,Wednesday,20:25,20,0,0,0,0,Clear,Main Road Stop,30,20,57,23,5,3,23,5,59,100.0,54,91.53,HIGH,HIGH,38.98,2
AP0522,Rajahmundry-Hyderabad,Express,Nellore,2024-11-01,55,42,76.97,293.03,440.05,18482.02,75.39,November,Friday,13:00,13,0,0,0,0,Clear,Railway Station Stop,21,5,42,3,3,6,3,3,39,70.91,39,70.91,MODERATE,MODERATE,5.45,13
AP0523,Guntur-Hyderabad,Super Luxury,Tirupati,2024-08-05,49,33,67.45,360.85,474.21,15648.96,86.62,August,Monday,10:10,10,0,0,1,0,Clear,City Center Stop,12,10,33,9,9,3,9,9,39,79.59,38,77.55,MODERATE,MODERATE,18.37,16
AP0524,Vijayawada-Visakhapatnam,Ordinary,Nellore,2024-10-18,63,41,65.1,317.06,329.67,13516.46,77.54,October,Friday,15:20,15,0,0,0,0,Hot,Railway Station Stop,19,30,41,8,8,2,8,8,47,74.6,54,85.71,MODERATE,HIGH,12.7,22
AP0525,Hyderabad-Visakhapatnam,Volvo AC,Visakhapatnam,2024-01-16,49,49,100.0,578.46,976.14,47831.0,149.95,January,Tuesday,09:00,9,1,0,0,0,Rainy,Market Stop,14,10,49,30,2,2,30,2,49,100.0,47,95.92,HIGH,HIGH,61.22,0
AP0526,Hyderabad-Tirupati,Super Luxury,Visakhapatnam,2024-06-06,53,27,51.86,580.06,806.1,21764.79,122.02,June,Thursday,13:15,13,0,0,0,0,Hot,City Center Stop,7,20,27,13,3,4,13,3,26,49.06,27,50.94,LOW,LOW,24.53,26
AP0527,Guntur-Hyderabad,Super Luxury,Vijayawada,2024-09-09,49,39,81.5,253.48,764.27,29806.69,63.2,September,Monday,22:25,22,0,0,0,0,Cloudy,College Road Stop,27,10,39,11,6,5,11,6,40,81.63,35,71.43,HIGH,MODERATE,22.45,10
AP0528,Hyderabad-Vijayawada,Express,Vijayawada,2024-09-02,63,23,37.02,282.93,443.6,10202.74,51.21,September,Monday,22:55,22,0,0,0,0,Cloudy,Railway Station Stop,27,30,23,7,7,2,7,7,28,44.44,28,44.44,LOW,LOW,11.11,40
AP0529,Vijayawada-Tirupati,Volvo AC,Nellore,2024-06-20,49,14,30.54,549.16,872.1,12209.44,143.22,June,Thursday,19:05,19,1,0,0,0,Clear,Central Bus Station,26,30,14,12,8,4,12,8,18,36.73,27,55.1,LOW,LOW,24.49,35
AP0530,Guntur-Hyderabad,Express,Visakhapatnam,2024-04-04,59,32,54.67,320.66,382.26,12232.25,95.99,April,Thursday,12:30,12,0,0,0,0,Hot,Market Stop,13,15,32,19,9,5,19,9,36,61.02,34,57.63,MODERATE,LOW,32.2,27
AP0531,Kakinada-Vijayawada,Super Luxury,Tirupati,2024-06-20,49,21,43.65,375.26,503.94,10582.75,66.92,June,Thursday,17:50,17,1,0,1,0,Clear,College Road Stop,10,20,21,29,8,3,29,8,26,53.06,41,83.67,LOW,HIGH,59.18,28
AP0532,Eluru-Hyderabad,Semi-Sleeper,Vijayawada,2024-06-15,63,59,95.19,406.23,287.32,16952.09,96.96,June,Saturday,18:45,18,1,1,0,1,Clear,Main Road Stop,4,15,59,33,7,3,33,7,63,100.0,54,85.71,HIGH,HIGH,52.38,4
AP0533,Chittoor-Bangalore,Volvo AC,Visakhapatnam,2024-07-15,49,48,98.71,393.41,1020.59,48988.11,81.26,July,Monday,13:55,13,0,0,0,0,Cloudy,Railway Station Stop,23,30,48,14,7,6,14,7,49,100.0,41,83.67,HIGH,HIGH,28.57,1
AP0534,Kakinada-Vijayawada,Sleeper,Visakhapatnam,2024-01-29,44,16,37.18,393.11,825.17,13202.76,98.48,January,Monday,16:10,16,0,0,0,0,Clear,Railway Station Stop,12,10,16,0,0,4,0,0,12,27.27,16,36.36,LOW,LOW,0.0,28
AP0535,Eluru-Hyderabad,Super Luxury,Kurnool,2024-05-01,45,31,70.0,112.36,754.54,23390.62,26.57,May,Wednesday,05:45,5,0,0,0,0,Clear,Central Bus Station,27,30,31,5,5,2,5,5,34,75.56,32,71.11,MODERATE,MODERATE,11.11,14
AP0536,Vijayawada-Visakhapatnam,Volvo AC,Visakhapatnam,2024-11-22,49,47,97.95,404.7,1139.14,53539.8,88.85,November,Friday,11:55,11,0,0,0,0,Clear,Railway Station Stop,27,20,47,15,3,1,15,3,49,100.0,46,93.88,HIGH,HIGH,30.61,2
AP0537,Eluru-Hyderabad,Semi-Sleeper,Vijayawada,2024-07-26,55,30,54.95,153.87,264.02,7920.69,38.01,July,Friday,14:15,14,0,0,0,0,Clear,College Road Stop,6,20,30,10,4,2,10,4,32,58.18,41,74.55,LOW,MODERATE,18.18,25
AP0538,Ongole-Hyderabad,Ordinary,Hyderabad,2024-06-19,59,50,86.17,278.3,301.61,15080.68,80.15,June,Wednesday,10:25,10,0,0,1,1,Rainy,Main Road Stop,28,10,50,20,9,2,20,9,57,96.61,56,94.92,HIGH,HIGH,33.9,9
AP0539,Guntur-Hyderabad,Sleeper,Visakhapatnam,2024-04-20,44,29,67.48,238.65,652.74,18929.54,40.34,April,Saturday,10:30,10,0,1,0,0,Clear,Railway Station Stop,6,30,29,5,5,2,5,5,32,72.73,36,81.82,MODERATE,HIGH,11.36,15
AP0540,Rajahmundry-Hyderabad,Volvo AC,Tirupati,2024-04-03,53,35,67.27,402.9,597.88,20925.81,88.64,April,Wednesday,20:25,20,0,0,0,0,Rainy,College Road Stop,16,20,35,20,8,3,20,8,40,75.47,45,84.91,MODERATE,HIGH,37.74,18
AP0541,Kadapa-Hyderabad,Sleeper,Guntur,2024-03-16,44,39,90.6,317.35,811.73,31657.65,81.43,March,Saturday,22:15,22,0,1,0,0,Clear,Central Bus Station,16,30,39,15,6,1,15,6,44,100.0,39,88.64,HIGH,HIGH,34.09,5
AP0542,Eluru-Hyderabad,Sleeper,Vijayawada,2024-08-03,44,41,94.06,354.52,963.96,39522.44,78.07,August,Saturday,15:55,15,0,1,0,0,Rainy,Railway Station Stop,29,30,41,17,4,1,17,4,44,100.0,39,88.64,HIGH,HIGH,38.64,3
AP0543,Rajahmundry-Hyderabad,Ordinary,Visakhapatnam,2024-08-07,59,57,96.67,403.06,304.13,17335.51,98.72,August,Wednesday,20:55,20,0,0,0,0,Clear,Main Road Stop,21,5,57,8,6,4,8,6,59,100.0,52,88.14,HIGH,HIGH,13.56,2
AP0544,Chittoor-Bangalore,Volvo AC,Visakhapatnam,2024-06-16,49,9,20.0,380.61,878.37,7905.32,74.23,June,Sunday,22:20,22,0,1,0,0,Hot,Market Stop,27,30,9,13,6,1,13,6,14,28.57,21,42.86,LOW,LOW,26.53,40
AP0545,Guntur-Hyderabad,Sleeper,Kurnool,2024-08-23,44,33,75.09,249.89,728.31,24034.12,58.48,August,Friday,10:45,10,0,0,0,0,Clear,Railway Station Stop,19,30,33,4,4,2,4,4,35,79.55,42,95.45,MODERATE,HIGH,9.09,11
AP0546,Kurnool-Hyderabad,Semi-Sleeper,Guntur,2024-03-04,55,39,72.24,291.82,166.76,6503.78,81.95,March,Monday,13:20,13,0,0,1,0,Clear,Central Bus Station,26,10,39,15,8,8,15,8,39,70.91,31,56.36,MODERATE,LOW,27.27,16
AP0547,Kurnool-Hyderabad,Super Luxury,Visakhapatnam,2024-11-08,53,31,59.23,225.45,325.25,10082.68,57.57,November,Friday,13:45,13,0,0,0,0,Clear,Central Bus Station,26,30,31,0,0,3,0,0,28,52.83,34,64.15,LOW,MODERATE,0.0,22
AP0548,Kurnool-Hyderabad,Super Luxury,Guntur,2024-05-13,53,45,85.74,383.09,519.49,23377.12,67.67,May,Monday,08:35,8,1,0,0,0,Clear,Market Stop,27,15,45,11,7,4,11,7,48,90.57,50,94.34,HIGH,HIGH,20.75,8
AP0549,Anantapur-Bangalore,Ordinary,Guntur,2024-06-25,59,39,66.26,240.19,360.12,14044.67,53.01,June,Tuesday,19:25,19,1,0,0,0,Clear,City Center Stop,14,10,39,18,5,2,18,5,42,71.19,41,69.49,MODERATE,MODERATE,30.51,20
AP0550,Kurnool-Hyderabad,Volvo AC,Guntur,2024-09-05,53,44,83.52,349.83,614.33,27030.33,81.02,September,Thursday,13:05,13,0,0,0,0,Cloudy,Central Bus Station,13,10,44,26,12,5,26,12,51,96.23,49,92.45,HIGH,HIGH,49.06,9
AP0551,Kadapa-Hyderabad,Semi-Sleeper,Kurnool,2024-05-31,63,43,69.6,338.69,255.13,10970.73,97.87,May,Friday,14:35,14,0,0,0,0,Hot,College Road Stop,30,10,43,1,1,7,1,1,37,58.73,44,69.84,LOW,MODERATE,1.59,20
AP0552,Hyderabad-Tirupati,Express,Hyderabad,2024-05-05,63,44,70.07,549.05,311.06,13686.43,120.94,May,Sunday,10:15,10,0,1,1,0,Cloudy,Central Bus Station,24,5,44,9,9,2,9,9,51,80.95,57,90.48,HIGH,HIGH,14.29,19
AP0553,Anantapur-Bangalore,Express,Hyderabad,2024-11-24,63,19,30.46,505.88,501.96,9537.22,121.93,November,Sunday,11:10,11,0,1,0,0,Clear,Market Stop,28,20,19,13,8,3,13,8,24,38.1,29,46.03,LOW,LOW,20.63,44
AP0554,Hyderabad-Vijayawada,Express,Visakhapatnam,2024-02-14,63,43,68.95,258.19,361.65,15551.12,89.49,February,Wednesday,21:10,21,0,0,0,0,Clear,Market Stop,19,20,43,23,10,6,23,10,47,74.6,52,82.54,MODERATE,HIGH,36.51,20
AP0555,Guntur-Hyderabad,Sleeper,Vijayawada,2024-03-28,40,25,62.84,201.09,800.84,20021.07,43.95,March,Thursday,07:55,7,1,0,0,0,Rainy,Market Stop,29,20,25,23,10,1,23,10,34,85.0,34,85.0,HIGH,HIGH,57.5,15
AP0556,Vijayawada-Visakhapatnam,Sleeper,Hyderabad,2024-07-27,36,32,89.6,238.74,413.99,13247.66,64.95,July,Saturday,11:05,11,0,1,0,0,Rainy,Central Bus Station,23,15,32,18,6,8,18,6,30,83.33,31,86.11,HIGH,HIGH,50.0,4
AP0557,Eluru-Hyderabad,Super Luxury,Hyderabad,2024-01-13,53,47,89.99,475.92,583.9,27443.15,87.85,January,Saturday,12:45,12,0,1,0,0,Clear,College Road Stop,23,10,47,10,9,4,10,9,52,98.11,53,100.0,HIGH,HIGH,18.87,6
AP0558,Vijayawada-Visakhapatnam,Express,Guntur,2024-04-08,63,50,80.14,322.34,302.66,15133.11,66.31,April,Monday,14:50,14,0,0,0,0,Hot,Main Road Stop,7,20,50,9,9,7,9,9,52,82.54,55,87.3,HIGH,HIGH,14.29,13
AP0559,Vijayawada-Tirupati,Sleeper,Vijayawada,2024-11-03,36,29,83.01,428.21,700.03,20300.97,110.73,November,Sunday,15:00,15,0,1,0,0,Clear,College Road Stop,18,30,29,12,9,5,12,9,33,91.67,31,86.11,HIGH,HIGH,33.33,7
AP0560,Kurnool-Hyderabad,Express,Kurnool,2024-06-27,63,43,68.77,329.73,265.04,11396.82,84.37,June,Thursday,14:35,14,0,0,1,0,Rainy,Railway Station Stop,23,5,43,14,11,3,14,11,51,80.95,44,69.84,HIGH,MODERATE,22.22,20
AP0561,Vijayawada-Tirupati,Ordinary,Nellore,2024-03-10,55,37,68.34,542.62,242.38,8967.88,148.19,March,Sunday,08:30,8,1,1,0,0,Hot,Railway Station Stop,24,10,37,24,10,3,24,10,44,80.0,43,78.18,HIGH,MODERATE,43.64,18
AP0562,Hyderabad-Tirupati,Express,Visakhapatnam,2024-11-13,55,33,60.78,537.47,589.78,19462.63,159.7,November,Wednesday,11:20,11,0,0,0,0,Cloudy,Main Road Stop,29,30,33,2,2,13,2,2,22,40.0,29,52.73,LOW,LOW,3.64,22
AP0563,Nellore-Chennai,Ordinary,Tirupati,2024-12-23,63,51,81.02,316.09,199.76,10187.83,65.91,December,Monday,20:40,20,0,0,0,0,Clear,Railway Station Stop,12,30,51,17,9,7,17,9,53,84.13,61,96.83,HIGH,HIGH,26.98,12
AP0564,Vijayawada-Visakhapatnam,Semi-Sleeper,Visakhapatnam,2024-08-07,59,36,62.21,320.8,262.36,9444.91,77.55,August,Wednesday,16:20,16,0,0,0,0,Cloudy,City Center Stop,11,30,36,12,10,3,12,10,43,72.88,50,84.75,MODERATE,HIGH,20.34,23
AP0565,Vijayawada-Visakhapatnam,Super Luxury,Vijayawada,2024-01-06,53,32,61.68,390.81,717.02,22944.6,79.1,January,Saturday,16:25,16,0,1,0,0,Clear,City Center Stop,30,5,32,11,10,2,11,10,40,75.47,49,92.45,MODERATE,HIGH,20.75,21
AP0566,Nellore-Chennai,Express,Nellore,2024-01-26,63,48,77.66,572.07,357.05,17138.57,126.93,January,Friday,17:25,17,1,0,0,0,Rainy,City Center Stop,30,15,48,12,4,4,12,4,48,76.19,42,66.67,MODERATE,MODERATE,19.05,15
AP0567,Eluru-Hyderabad,Super Luxury,Kurnool,2024-06-24,49,32,65.77,348.56,748.48,23951.33,79.29,June,Monday,19:45,19,1,0,0,0,Clear,Main Road Stop,8,5,32,14,9,2,14,9,39,79.59,32,65.31,MODERATE,MODERATE,28.57,17
AP0568,Vijayawada-Tirupati,Semi-Sleeper,Nellore,2024-11-07,59,42,71.81,452.95,308.51,12957.44,87.14,November,Thursday,07:35,7,1,0,0,0,Cloudy,Railway Station Stop,13,30,42,27,7,7,27,7,42,71.19,43,72.88,MODERATE,MODERATE,45.76,17
AP0569,Guntur-Hyderabad,Volvo AC,Visakhapatnam,2024-08-17,57,43,76.09,329.63,787.06,33843.68,55.44,August,Saturday,13:20,13,0,1,0,0,Hot,Market Stop,29,15,43,11,7,3,11,7,47,82.46,48,84.21,HIGH,HIGH,19.3,14
AP0570,Kurnool-Hyderabad,Volvo AC,Nellore,2024-06-13,49,34,69.99,227.68,867.78,29504.46,38.88,June,Thursday,14:55,14,0,0,0,0,Clear,City Center Stop,8,10,34,14,12,4,14,12,42,85.71,44,89.8,HIGH,HIGH,28.57,15
AP0571,Rajahmundry-Hyderabad,Super Luxury,Nellore,2024-04-25,53,38,73.3,290.69,817.99,31083.71,61.18,April,Thursday,12:45,12,0,0,0,1,Clear,City Center Stop,24,5,38,12,6,3,12,6,41,77.36,49,92.45,MODERATE,HIGH,22.64,15
AP0572,Ongole-Hyderabad,Sleeper,Guntur,2024-11-30,44,30,70.27,194.75,857.0,25709.86,37.32,November,Saturday,20:55,20,0,1,0,0,Cloudy,City Center Stop,6,20,30,12,4,2,12,4,32,72.73,35,79.55,MODERATE,MODERATE,27.27,14
AP0573,Eluru-Hyderabad,Semi-Sleeper,Visakhapatnam,2024-12-17,63,60,96.79,449.65,335.21,20112.83,114.82,December,Tuesday,14:40,14,0,0,0,0,Clear,Central Bus Station,7,30,60,4,4,4,4,4,60,95.24,56,88.89,HIGH,HIGH,6.35,3
AP0574,Kadapa-Hyderabad,Semi-Sleeper,Tirupati,2024-12-14,59,44,75.59,368.88,283.93,12492.72,116.71,December,Saturday,19:20,19,1,1,0,0,Clear,Main Road Stop,24,30,44,21,4,1,21,4,47,79.66,47,79.66,MODERATE,MODERATE,35.59,15
AP0575,Hyderabad-Visakhapatnam,Express,Kurnool,2024-12-12,55,40,74.39,596.58,348.92,13956.75,135.69,December,Thursday,20:45,20,0,0,0,0,Clear,College Road Stop,20,30,40,14,2,4,14,2,38,69.09,42,76.36,MODERATE,MODERATE,25.45,15
AP0576,Guntur-Hyderabad,Express,Hyderabad,2024-09-01,59,42,72.87,186.2,507.64,21320.83,60.63,September,Sunday,14:15,14,0,1,0,0,Clear,College Road Stop,18,30,42,14,11,3,14,11,50,84.75,53,89.83,HIGH,HIGH,23.73,17
AP0577,Guntur-Hyderabad,Super Luxury,Guntur,2024-05-09,45,40,91.05,307.99,674.53,26981.24,77.9,May,Thursday,21:15,21,0,0,0,0,Cloudy,Market Stop,26,20,40,7,7,2,7,7,45,100.0,45,100.0,HIGH,HIGH,15.56,5
AP0578,Vijayawada-Visakhapatnam,Sleeper,Nellore,2024-01-16,44,11,26.56,302.65,861.39,9475.25,60.0,January,Tuesday,15:25,15,0,0,0,0,Cloudy,Central Bus Station,11,30,11,10,9,2,10,9,18,40.91,24,54.55,LOW,LOW,22.73,33
AP0579,Hyderabad-Tirupati,Ordinary,Guntur,2024-12-07,55,30,54.78,553.22,220.35,6610.6,147.77,December,Saturday,20:55,20,0,1,0,0,Clear,Central Bus Station,17,30,30,15,7,5,15,7,32,58.18,30,54.55,LOW,LOW,27.27,25
AP0580,Guntur-Hyderabad,Semi-Sleeper,Vijayawada,2024-05-11,55,38,70.67,426.17,261.95,9954.24,115.02,May,Saturday,12:30,12,0,1,1,0,Clear,College Road Stop,20,15,38,15,4,3,15,4,39,70.91,35,63.64,MODERATE,MODERATE,27.27,17
AP0581,Vijayawada-Visakhapatnam,Sleeper,Vijayawada,2024-08-15,36,19,55.54,291.41,722.96,13736.19,61.18,August,Thursday,14:20,14,0,0,0,0,Clear,Market Stop,23,20,19,10,4,5,10,4,18,50.0,19,52.78,LOW,LOW,27.78,17
AP0582,Chittoor-Bangalore,Semi-Sleeper,Kurnool,2024-07-07,55,28,51.04,436.99,350.23,9806.37,81.04,July,Sunday,14:25,14,0,1,0,0,Clear,Market Stop,12,30,28,23,7,4,23,7,31,56.36,39,70.91,LOW,MODERATE,41.82,27
AP0583,Kakinada-Vijayawada,Ordinary,Nellore,2024-11-18,59,48,82.42,328.76,306.33,14704.04,57.64,November,Monday,09:15,9,1,0,0,0,Cloudy,College Road Stop,20,5,48,14,4,4,14,4,48,81.36,50,84.75,HIGH,HIGH,23.73,11
AP0584,Kurnool-Hyderabad,Express,Vijayawada,2024-02-21,59,48,82.22,372.58,230.05,11042.41,82.54,February,Wednesday,13:35,13,0,0,0,0,Clear,Central Bus Station,15,20,48,18,9,6,18,9,51,86.44,51,86.44,HIGH,HIGH,30.51,11
AP0585,Hyderabad-Visakhapatnam,Super Luxury,Guntur,2024-07-02,53,50,94.55,616.23,453.7,22684.75,139.91,July,Tuesday,21:20,21,0,0,0,0,Clear,College Road Stop,18,10,50,5,5,6,5,5,49,92.45,45,84.91,HIGH,HIGH,9.43,3
AP0586,Hyderabad-Tirupati,Semi-Sleeper,Tirupati,2024-07-03,63,39,63.15,542.66,164.9,6430.98,156.41,July,Wednesday,16:30,16,0,0,0,0,Hot,Main Road Stop,27,5,39,16,9,5,16,9,43,68.25,38,60.32,MODERATE,MODERATE,25.4,24
AP0587,Kurnool-Hyderabad,Volvo AC,Visakhapatnam,2024-02-11,57,25,44.96,348.41,620.25,15506.16,66.58,February,Sunday,10:20,10,0,1,0,0,Clear,City Center Stop,14,5,25,16,8,1,16,8,32,56.14,42,73.68,LOW,MODERATE,28.07,32
AP0588,Hyderabad-Visakhapatnam,Ordinary,Nellore,2024-07-25,59,35,60.36,589.15,351.49,12302.14,165.39,July,Thursday,12:15,12,0,0,0,0,Cloudy,City Center Stop,21,5,35,9,9,3,9,9,41,69.49,38,64.41,MODERATE,MODERATE,15.25,24
AP0589,Ongole-Hyderabad,Semi-Sleeper,Visakhapatnam,2024-11-16,59,47,79.79,368.11,178.7,8399.02,66.41,November,Saturday,11:55,11,0,1,0,0,Clear,Railway Station Stop,29,30,47,5,5,4,5,5,48,81.36,54,91.53,HIGH,HIGH,8.47,12
AP0590,Hyderabad-Tirupati,Ordinary,Visakhapatnam,2024-03-14,63,51,81.29,589.25,199.05,10151.61,129.37,March,Thursday,06:20,6,0,0,0,0,Clear,Main Road Stop,24,20,51,0,0,3,0,0,48,76.19,50,79.37,MODERATE,MODERATE,0.0,12
AP0591,Anantapur-Bangalore,Ordinary,Hyderabad,2024-03-18,59,59,100.0,211.15,256.97,15161.37,65.58,March,Monday,21:00,21,0,0,0,0,Clear,Main Road Stop,30,5,59,8,6,6,8,6,59,100.0,53,89.83,HIGH,HIGH,13.56,0
AP0592,Kurnool-Hyderabad,Super Luxury,Vijayawada,2024-12-26,45,27,61.53,397.79,523.14,14124.76,74.84,December,Thursday,13:20,13,0,0,0,0,Rainy,Main Road Stop,19,20,27,17,9,0,17,9,36,80.0,33,73.33,HIGH,MODERATE,37.78,18
AP0593,Vijayawada-Visakhapatnam,Ordinary,Kurnool,2024-10-05,63,25,41.12,223.55,230.52,5762.95,72.92,October,Saturday,12:30,12,0,1,0,0,Rainy,City Center Stop,10,20,25,8,1,5,8,1,21,33.33,21,33.33,LOW,LOW,12.7,38
AP0594,Kurnool-Hyderabad,Express,Guntur,2024-04-06,55,40,73.14,353.37,361.72,14468.73,58.83,April,Saturday,15:05,15,0,1,0,0,Clear,Main Road Stop,30,15,40,13,10,4,13,10,46,83.64,47,85.45,HIGH,HIGH,23.64,15
AP0595,Kurnool-Hyderabad,Semi-Sleeper,Nellore,2024-02-03,63,24,39.33,232.38,100.0,2400.0,47.52,February,Saturday,05:15,5,0,1,0,0,Clear,Market Stop,21,20,24,3,3,3,3,3,24,38.1,26,41.27,LOW,LOW,4.76,39
AP0596,Hyderabad-Vijayawada,Ordinary,Hyderabad,2024-06-28,63,51,82.21,278.72,344.55,17572.12,50.43,June,Friday,12:05,12,0,0,0,1,Clear,Market Stop,9,30,51,16,10,2,16,10,59,93.65,60,95.24,HIGH,HIGH,25.4,12
AP0597,Guntur-Hyderabad,Express,Nellore,2024-03-14,55,48,88.87,253.2,453.74,21779.33,59.55,March,Thursday,17:30,17,1,0,1,0,Cloudy,College Road Stop,11,15,48,17,4,9,17,4,43,78.18,46,83.64,MODERATE,HIGH,30.91,7
AP0598,Hyderabad-Tirupati,Express,Visakhapatnam,2024-10-10,55,55,100.0,590.16,518.33,28508.28,127.48,October,Thursday,16:40,16,0,0,0,0,Cloudy,City Center Stop,10,20,55,12,2,2,12,2,55,100.0,50,90.91,HIGH,HIGH,21.82,0
AP0599,Hyderabad-Vijayawada,Semi-Sleeper,Visakhapatnam,2024-08-02,59,48,82.4,270.08,208.03,9985.3,52.54,August,Friday,22:55,22,0,0,0,0,Cloudy,Railway Station Stop,26,15,48,9,5,3,9,5,50,84.75,59,100.0,HIGH,HIGH,15.25,11
AP0600,Chittoor-Bangalore,Semi-Sleeper,Nellore,2024-06-14,55,35,64.77,210.42,339.03,11866.04,42.31,June,Friday,16:20,16,0,0,0,0,Hot,College Road Stop,5,10,35,5,5,8,5,5,32,58.18,25,45.45,LOW,LOW,9.09,20
AP0601,Rajahmundry-Hyderabad,Sleeper,Kurnool,2024-11-13,36,25,71.04,318.14,603.49,15087.23,59.29,November,Wednesday,14:50,14,0,0,0,0,Clear,Railway Station Stop,23,30,25,8,4,1,8,4,28,77.78,26,72.22,MODERATE,MODERATE,22.22,11
AP0602,Nellore-Chennai,Ordinary,Tirupati,2024-09-30,63,58,93.07,307.54,275.56,15982.59,71.13,September,Monday,19:10,19,1,0,0,0,Cloudy,Market Stop,18,15,58,14,5,4,14,5,59,93.65,59,93.65,HIGH,HIGH,22.22,5
AP0603,Kakinada-Vijayawada,Volvo AC,Guntur,2024-12-03,53,36,68.59,276.06,541.86,19506.83,50.62,December,Tuesday,21:45,21,0,0,0,0,Cloudy,Central Bus Station,5,20,36,4,4,7,4,4,33,62.26,40,75.47,MODERATE,MODERATE,7.55,17
AP0604,Anantapur-Bangalore,Volvo AC,Nellore,2024-06-22,49,13,26.6,545.33,751.93,9775.15,124.02,June,Saturday,18:30,18,1,1,0,0,Clear,Main Road Stop,20,20,13,26,6,10,26,6,9,18.37,18,36.73,LOW,LOW,53.06,36
AP0605,Chittoor-Bangalore,Ordinary,Vijayawada,2024-03-16,55,38,69.25,364.3,215.22,8178.28,70.33,March,Saturday,22:45,22,0,1,0,0,Hot,Market Stop,24,20,38,10,5,3,10,5,40,72.73,44,80.0,MODERATE,HIGH,18.18,17
AP0606,Hyderabad-Vijayawada,Super Luxury,Visakhapatnam,2024-12-21,45,36,81.76,250.04,675.99,24335.66,46.83,December,Saturday,19:45,19,1,1,0,0,Clear,Central Bus Station,23,20,36,7,7,6,7,7,37,82.22,35,77.78,HIGH,MODERATE,15.56,9
AP0607,Nellore-Chennai,Sleeper,Kurnool,2024-07-18,40,22,57.4,334.13,599.9,13197.77,83.4,July,Thursday,20:30,20,0,0,0,0,Cloudy,Main Road Stop,17,20,22,8,8,1,8,8,29,72.5,34,85.0,MODERATE,HIGH,20.0,18
AP0608,Kadapa-Hyderabad,Volvo AC,Kurnool,2024-11-29,49,40,82.32,315.91,572.91,22916.27,73.43,November,Friday,09:15,9,1,0,0,0,Cloudy,Market Stop,12,15,40,25,10,3,25,10,47,95.92,45,91.84,HIGH,HIGH,51.02,9
AP0609,Kurnool-Hyderabad,Ordinary,Vijayawada,2024-10-12,63,44,70.47,341.26,243.89,10731.2,69.1,October,Saturday,18:30,18,1,1,0,0,Hot,Market Stop,7,20,44,15,11,4,15,11,51,80.95,58,92.06,HIGH,HIGH,23.81,19
AP0610,Hyderabad-Vijayawada,Volvo AC,Vijayawada,2024-10-30,53,41,78.36,259.46,1171.1,48015.13,59.2,October,Wednesday,13:45,13,0,0,0,0,Clear,College Road Stop,3,15,41,21,7,7,21,7,41,77.36,50,94.34,MODERATE,HIGH,39.62,12
AP0611,Vijayawada-Visakhapatnam,Express,Vijayawada,2024-07-01,59,40,69.25,397.39,496.03,19841.22,101.29,July,Monday,15:55,15,0,0,0,0,Clear,City Center Stop,13,10,40,7,7,7,7,7,40,67.8,43,72.88,MODERATE,MODERATE,11.86,19
AP0612,Chittoor-Bangalore,Express,Tirupati,2024-12-21,55,24,45.21,285.93,227.55,5461.19,38.5,December,Saturday,17:55,17,1,1,0,0,Rainy,College Road Stop,20,20,24,25,6,4,25,6,26,47.27,22,40.0,LOW,LOW,45.45,31
AP0613,Guntur-Hyderabad,Express,Tirupati,2024-02-17,55,50,91.27,290.3,436.18,21808.93,112.18,February,Saturday,22:10,22,0,1,0,0,Rainy,Central Bus Station,4,30,50,20,9,6,20,9,53,96.36,44,80.0,HIGH,HIGH,36.36,5
AP0614,Hyderabad-Tirupati,Semi-Sleeper,Tirupati,2024-03-09,63,51,81.42,569.67,293.01,14943.53,140.1,March,Saturday,22:35,22,0,1,0,0,Clear,Market Stop,30,20,51,15,6,3,15,6,54,85.71,55,87.3,HIGH,HIGH,23.81,12
AP0615,Kurnool-Hyderabad,Sleeper,Guntur,2024-04-15,36,17,47.48,400.75,727.95,12375.22,77.53,April,Monday,12:05,12,0,0,1,0,Rainy,College Road Stop,19,20,17,10,7,1,10,7,23,63.89,28,77.78,MODERATE,MODERATE,27.78,19
AP0616,Nellore-Chennai,Sleeper,Visakhapatnam,2024-08-25,40,16,42.08,354.93,504.41,8070.52,69.39,August,Sunday,18:40,18,1,1,0,0,Clear,Railway Station Stop,11,30,16,14,10,3,14,10,23,57.5,30,75.0,LOW,MODERATE,35.0,24
AP0617,Hyderabad-Visakhapatnam,Ordinary,Vijayawada,2024-12-24,59,47,80.45,608.44,201.34,9463.07,108.71,December,Tuesday,18:55,18,1,0,0,0,Cloudy,Market Stop,29,10,47,27,12,4,27,12,55,93.22,57,96.61,HIGH,HIGH,45.76,12
AP0618,Vijayawada-Visakhapatnam,Express,Guntur,2024-12-19,55,44,80.24,357.7,503.31,22145.53,77.77,December,Thursday,12:00,12,0,0,1,0,Rainy,Market Stop,8,5,44,13,9,4,13,9,49,89.09,50,90.91,HIGH,HIGH,23.64,11
AP0619,Guntur-Hyderabad,Sleeper,Visakhapatnam,2024-05-03,36,26,74.82,191.39,619.18,16098.68,48.21,May,Friday,09:35,9,1,0,0,0,Clear,Market Stop,29,10,26,26,13,7,26,13,32,88.89,36,100.0,HIGH,HIGH,72.22,10
AP0620,Vijayawada-Tirupati,Volvo AC,Vijayawada,2024-08-27,49,36,75.27,364.16,681.78,24543.96,142.16,August,Tuesday,07:55,7,1,0,0,0,Clear,Railway Station Stop,10,20,36,17,6,6,17,6,36,73.47,44,89.8,MODERATE,HIGH,34.69,13
AP0621,Guntur-Hyderabad,Express,Guntur,2024-10-20,59,46,79.43,143.49,364.84,16782.52,31.73,October,Sunday,19:50,19,1,1,0,0,Hot,Main Road Stop,13,30,46,21,2,5,21,2,43,72.88,49,83.05,MODERATE,HIGH,35.59,13
AP0622,Guntur-Hyderabad,Sleeper,Tirupati,2024-08-29,40,27,68.34,352.93,852.93,23029.15,82.39,August,Thursday,14:20,14,0,0,1,0,Rainy,Railway Station Stop,14,15,27,10,10,8,10,10,29,72.5,34,85.0,MODERATE,HIGH,25.0,13
AP0623,Guntur-Hyderabad,Super Luxury,Vijayawada,2024-10-15,49,45,93.85,213.31,422.43,19009.51,42.89,October,Tuesday,22:05,22,0,0,0,0,Rainy,Main Road Stop,30,20,45,10,6,4,10,6,47,95.92,37,75.51,HIGH,MODERATE,20.41,4
AP0624,Anantapur-Bangalore,Express,Tirupati,2024-08-21,59,28,47.8,308.34,328.49,9197.82,57.14,August,Wednesday,14:55,14,0,0,0,0,Clear,College Road Stop,10,5,28,7,7,1,7,7,34,57.63,38,64.41,LOW,MODERATE,11.86,31
AP0625,Kakinada-Vijayawada,Ordinary,Visakhapatnam,2024-08-19,59,50,86.42,497.52,214.64,10731.97,128.59,August,Monday,22:55,22,0,0,0,0,Hot,City Center Stop,30,20,50,13,3,3,13,3,50,84.75,55,93.22,HIGH,HIGH,22.03,9
AP0626,Hyderabad-Vijayawada,Sleeper,Vijayawada,2024-09-02,40,20,51.29,290.01,606.24,12124.89,60.94,September,Monday,13:30,13,0,0,0,0,Clear,Railway Station Stop,12,20,20,13,5,4,13,5,21,52.5,22,55.0,LOW,LOW,32.5,20
AP0627,Hyderabad-Visakhapatnam,Semi-Sleeper,Kurnool,2024-05-18,55,38,70.23,614.35,195.71,7436.93,144.94,May,Saturday,19:55,19,1,1,0,0,Clear,Market Stop,10,15,38,23,3,4,23,3,37,67.27,32,58.18,MODERATE,LOW,41.82,17
AP0628,Hyderabad-Visakhapatnam,Express,Vijayawada,2024-08-16,55,49,90.24,627.24,428.05,20974.61,186.29,August,Friday,08:00,8,1,0,0,0,Clear,City Center Stop,20,20,49,17,7,6,17,7,50,90.91,54,98.18,HIGH,HIGH,30.91,6
AP0629,Ongole-Hyderabad,Super Luxury,Vijayawada,2024-01-18,45,40,89.35,332.78,478.59,19143.72,87.32,January,Thursday,15:35,15,0,0,0,0,Rainy,Railway Station Stop,22,15,40,8,7,2,8,7,45,100.0,40,88.89,HIGH,HIGH,17.78,5
AP0630,Rajahmundry-Hyderabad,Sleeper,Vijayawada,2024-07-04,36,28,79.49,358.32,409.14,11455.93,109.12,July,Thursday,19:00,19,1,0,1,0,Hot,Market Stop,12,15,28,25,8,6,25,8,30,83.33,31,86.11,HIGH,HIGH,69.44,8
AP0631,Kakinada-Vijayawada,Volvo AC,Vijayawada,2024-05-30,53,14,27.34,308.54,1074.01,15036.12,58.71,May,Thursday,21:55,21,0,0,0,0,Cloudy,Central Bus Station,6,20,14,6,6,2,6,6,18,33.96,15,28.3,LOW,LOW,11.32,39
AP0632,Nellore-Chennai,Semi-Sleeper,Tirupati,2024-11-28,55,37,68.23,424.99,213.01,7881.44,89.98,November,Thursday,20:40,20,0,0,0,0,Cloudy,Central Bus Station,14,20,37,18,10,2,18,10,45,81.82,44,80.0,HIGH,HIGH,32.73,18
AP0633,Rajahmundry-Hyderabad,Sleeper,Kurnool,2024-12-20,44,28,65.51,253.46,521.49,14601.85,43.38,December,Friday,07:50,7,1,0,0,0,Clear,Main Road Stop,18,10,28,19,3,6,19,3,25,56.82,26,59.09,LOW,LOW,43.18,16
AP0634,Eluru-Hyderabad,Volvo AC,Guntur,2024-08-06,53,35,66.91,187.89,552.93,19352.46,44.32,August,Tuesday,13:30,13,0,0,0,1,Clear,Main Road Stop,4,10,35,15,10,2,15,10,43,81.13,44,83.02,HIGH,HIGH,28.3,18
AP0635,Kurnool-Hyderabad,Sleeper,Nellore,2024-11-04,44,35,80.87,517.87,675.35,23637.31,174.33,November,Monday,07:00,7,1,0,0,0,Clear,College Road Stop,5,15,35,23,8,9,23,8,34,77.27,31,70.45,MODERATE,MODERATE,52.27,9
AP0636,Kakinada-Vijayawada,Ordinary,Tirupati,2024-08-31,55,30,55.51,357.98,354.89,10646.8,93.89,August,Saturday,09:00,9,1,1,0,0,Clear,Railway Station Stop,28,10,30,20,8,3,20,8,35,63.64,31,56.36,MODERATE,LOW,36.36,25
AP0637,Guntur-Hyderabad,Volvo AC,Visakhapatnam,2024-03-11,53,51,96.31,543.47,580.28,29594.07,149.28,March,Monday,17:20,17,1,0,0,0,Clear,City Center Stop,4,10,51,10,5,3,10,5,53,100.0,51,96.23,HIGH,HIGH,18.87,2
AP0638,Nellore-Chennai,Ordinary,Guntur,2024-01-10,55,41,76.22,206.78,301.95,12379.92,51.04,January,Wednesday,18:40,18,1,0,0,1,Rainy,Railway Station Stop,14,10,41,21,9,3,21,9,47,85.45,50,90.91,HIGH,HIGH,38.18,14
AP0639,Chittoor-Bangalore,Semi-Sleeper,Tirupati,2024-03-01,59,15,25.81,320.58,169.53,2542.98,57.4,March,Friday,19:05,19,1,0,0,0,Cloudy,City Center Stop,24,10,15,26,6,6,26,6,15,25.42,20,33.9,LOW,LOW,44.07,44
AP0640,Vijayawada-Tirupati,Express,Visakhapatnam,2024-07-25,55,24,44.45,241.58,514.6,12350.47,39.01,July,Thursday,20:50,20,0,0,0,0,Rainy,Railway Station Stop,12,15,24,15,7,1,15,7,30,54.55,33,60.0,LOW,MODERATE,27.27,31
AP0641,Chittoor-Bangalore,Express,Tirupati,2024-09-07,55,22,40.59,304.52,324.15,7131.38,83.02,September,Saturday,18:10,18,1,1,0,0,Clear,Market Stop,16,15,22,10,10,0,10,10,32,58.18,36,65.45,LOW,MODERATE,18.18,33
AP0642,Anantapur-Bangalore,Super Luxury,Kurnool,2024-11-19,49,39,80.0,329.38,852.65,33253.44,78.8,November,Tuesday,19:25,19,1,0,0,0,Clear,College Road Stop,5,20,39,22,6,7,22,6,38,77.55,44,89.8,MODERATE,HIGH,44.9,10
AP0643,Kurnool-Hyderabad,Express,Hyderabad,2024-02-17,63,59,94.08,516.21,507.04,29915.15,113.65,February,Saturday,07:10,7,1,1,0,0,Clear,Market Stop,25,10,59,17,5,5,17,5,59,93.65,61,96.83,HIGH,HIGH,26.98,4
AP0644,Hyderabad-Tirupati,Super Luxury,Vijayawada,2024-01-27,49,45,92.24,583.45,584.0,26279.94,121.68,January,Saturday,11:25,11,0,1,0,1,Clear,Main Road Stop,20,30,45,12,7,3,12,7,49,100.0,47,95.92,HIGH,HIGH,24.49,4
AP0645,Vijayawada-Visakhapatnam,Semi-Sleeper,Tirupati,2024-11-06,55,31,56.91,273.42,379.52,11765.14,61.13,November,Wednesday,16:25,16,0,0,0,0,Clear,Market Stop,26,15,31,5,5,3,5,5,33,60.0,36,65.45,MODERATE,MODERATE,9.09,24
AP0646,Vijayawada-Tirupati,Volvo AC,Nellore,2024-06-04,53,36,68.4,285.02,737.25,26541.06,62.4,June,Tuesday,20:00,20,0,0,0,0,Clear,Railway Station Stop,27,20,36,18,3,5,18,3,34,64.15,40,75.47,MODERATE,MODERATE,33.96,17
AP0647,Vijayawada-Tirupati,Sleeper,Nellore,2024-03-02,44,26,60.2,254.87,924.02,24024.4,63.45,March,Saturday,05:30,5,0,1,0,0,Clear,Market Stop,12,5,26,0,0,4,0,0,22,50.0,25,56.82,LOW,LOW,0.0,18
AP0648,Vijayawada-Visakhapatnam,Volvo AC,Tirupati,2024-02-24,57,51,90.16,464.16,769.44,39241.33,111.95,February,Saturday,14:45,14,0,1,0,0,Cloudy,College Road Stop,4,5,51,7,7,7,7,7,51,89.47,54,94.74,HIGH,HIGH,12.28,6
AP0649,Kakinada-Vijayawada,Express,Hyderabad,2024-08-18,63,33,53.14,243.39,581.34,19184.25,53.5,August,Sunday,17:55,17,1,1,0,0,Clear,City Center Stop,12,15,33,21,8,5,21,8,36,57.14,42,66.67,LOW,MODERATE,33.33,30
AP0650,Ongole-Hyderabad,Sleeper,Kurnool,2024-06-19,44,35,80.39,417.54,613.82,21483.82,95.03,June,Wednesday,06:15,6,0,0,0,0,Clear,Market Stop,7,10,35,21,9,8,21,9,36,81.82,38,86.36,HIGH,HIGH,47.73,9
AP0651,Eluru-Hyderabad,Super Luxury,Tirupati,2024-10-18,45,34,77.32,489.22,454.61,15456.68,102.75,October,Friday,13:50,13,0,0,0,1,Clear,Main Road Stop,17,15,34,20,2,4,20,2,32,71.11,31,68.89,MODERATE,MODERATE,44.44,11
AP0652,Kakinada-Vijayawada,Volvo AC,Vijayawada,2024-05-06,57,34,60.42,459.73,979.26,33294.73,141.57,May,Monday,21:50,21,0,0,1,0,Clear,Market Stop,7,5,34,11,9,2,11,9,41,71.93,43,75.44,MODERATE,MODERATE,19.3,23
AP0653,Nellore-Chennai,Semi-Sleeper,Nellore,2024-04-02,55,26,47.36,185.31,255.32,6638.36,37.18,April,Tuesday,17:55,17,1,0,0,0,Clear,City Center Stop,28,15,26,29,8,6,29,8,28,50.91,36,65.45,LOW,MODERATE,52.73,29
AP0654,Hyderabad-Tirupati,Ordinary,Hyderabad,2024-02-24,63,50,80.05,562.35,348.63,17431.68,253.73,February,Saturday,11:20,11,0,1,0,0,Clear,Main Road Stop,19,20,50,4,4,3,4,4,51,80.95,59,93.65,HIGH,HIGH,6.35,13
AP0655,Vijayawada-Visakhapatnam,Volvo AC,Tirupati,2024-03-27,57,28,49.24,272.63,748.73,20964.49,47.58,March,Wednesday,20:50,20,0,0,0,0,Cloudy,City Center Stop,10,20,28,14,9,4,14,9,33,57.89,35,61.4,LOW,MODERATE,24.56,29
AP0656,Rajahmundry-Hyderabad,Ordinary,Guntur,2024-03-02,55,45,83.38,353.09,253.64,11413.77,84.98,March,Saturday,12:30,12,0,1,0,0,Clear,Market Stop,28,10,45,15,9,4,15,9,50,90.91,55,100.0,HIGH,HIGH,27.27,10
AP0657,Vijayawada-Visakhapatnam,Super Luxury,Hyderabad,2024-02-05,49,26,53.46,548.83,662.79,17232.45,86.78,February,Monday,20:00,20,0,0,0,1,Hot,City Center Stop,24,10,26,12,5,4,12,5,27,55.1,29,59.18,LOW,LOW,24.49,23
AP0658,Nellore-Chennai,Sleeper,Tirupati,2024-11-20,36,21,59.19,298.24,1152.08,24193.62,69.99,November,Wednesday,12:15,12,0,0,0,1,Clear,College Road Stop,15,15,21,21,9,5,21,9,25,69.44,24,66.67,MODERATE,MODERATE,58.33,15
AP0659,Hyderabad-Visakhapatnam,Express,Hyderabad,2024-07-27,59,47,80.79,597.78,315.72,14838.86,121.91,July,Saturday,15:40,15,0,1,0,0,Clear,College Road Stop,7,15,47,9,9,3,9,9,53,89.83,59,100.0,HIGH,HIGH,15.25,12
AP0660,Hyderabad-Vijayawada,Volvo AC,Hyderabad,2024-12-30,49,47,97.65,296.63,783.04,36802.7,65.14,December,Monday,13:05,13,0,0,1,0,Clear,City Center Stop,12,20,47,20,7,5,20,7,49,100.0,44,89.8,HIGH,HIGH,40.82,2
AP0661,Chittoor-Bangalore,Volvo AC,Hyderabad,2024-05-25,53,24,45.31,366.43,917.84,22028.05,58.56,May,Saturday,12:25,12,0,1,0,0,Clear,Main Road Stop,19,10,24,1,1,3,1,1,22,41.51,24,45.28,LOW,LOW,1.89,29
AP0662,Ongole-Hyderabad,Super Luxury,Tirupati,2024-02-07,49,38,77.98,371.63,758.55,28824.99,74.92,February,Wednesday,21:45,21,0,0,0,0,Clear,Railway Station Stop,24,20,38,14,7,2,14,7,43,87.76,47,95.92,HIGH,HIGH,28.57,11
AP0663,Anantapur-Bangalore,Ordinary,Visakhapatnam,2024-07-22,63,42,67.54,425.95,198.09,8319.86,99.83,July,Monday,11:05,11,0,0,0,0,Rainy,Central Bus Station,10,30,42,12,11,3,12,11,50,79.37,49,77.78,MODERATE,MODERATE,19.05,21
AP0664,Hyderabad-Visakhapatnam,Super Luxury,Kurnool,2024-07-03,45,40,88.94,578.53,431.81,17272.54,164.21,July,Wednesday,08:25,8,1,0,0,0,Clear,Main Road Stop,23,10,40,27,4,6,27,4,38,84.44,42,93.33,HIGH,HIGH,60.0,5
AP0665,Eluru-Hyderabad,Volvo AC,Vijayawada,2024-03-14,53,35,66.2,358.51,598.68,20953.87,62.07,March,Thursday,12:10,12,0,0,0,0,Cloudy,Central Bus Station,10,30,35,12,10,1,12,10,44,83.02,53,100.0,HIGH,HIGH,22.64,18
AP0666,Eluru-Hyderabad,Semi-Sleeper,Tirupati,2024-07-16,63,56,89.6,376.22,342.75,19194.03,93.77,July,Tuesday,18:30,18,1,0,0,0,Clear,College Road Stop,9,10,56,27,6,0,27,6,62,98.41,60,95.24,HIGH,HIGH,42.86,7
AP0667,Hyderabad-Visakhapatnam,Semi-Sleeper,Guntur,2024-08-01,63,53,85.25,580.32,184.06,9755.04,133.92,August,Thursday,19:10,19,1,0,0,0,Clear,Railway Station Stop,15,10,53,23,9,6,23,9,56,88.89,60,95.24,HIGH,HIGH,36.51,10
AP0668,Guntur-Hyderabad,Express,Visakhapatnam,2024-01-17,59,30,52.09,311.78,520.66,15619.82,78.82,January,Wednesday,22:55,22,0,0,0,0,Clear,College Road Stop,7,20,30,11,6,1,11,6,35,59.32,46,77.97,LOW,MODERATE,18.64,29
AP0669,Vijayawada-Visakhapatnam,Semi-Sleeper,Visakhapatnam,2024-01-04,63,28,45.63,235.79,381.98,10695.52,52.13,January,Thursday,12:00,12,0,0,0,1,Clear,Main Road Stop,14,20,28,22,6,6,22,6,28,44.44,28,44.44,LOW,LOW,34.92,35
AP0670,Nellore-Chennai,Super Luxury,Visakhapatnam,2024-10-22,49,36,74.64,216.63,505.5,18197.87,56.26,October,Tuesday,13:55,13,0,0,0,0,Clear,Main Road Stop,13,15,36,17,13,2,17,13,47,95.92,49,100.0,HIGH,HIGH,34.69,13
AP0671,Kadapa-Hyderabad,Volvo AC,Kurnool,2024-12-02,49,44,90.09,294.31,718.14,31598.09,74.1,December,Monday,10:45,10,0,0,0,0,Hot,College Road Stop,10,10,44,15,4,6,15,4,42,85.71,45,91.84,HIGH,HIGH,30.61,5
AP0672,Rajahmundry-Hyderabad,Express,Hyderabad,2024-04-16,63,53,85.63,333.5,330.05,17492.73,62.15,April,Tuesday,15:50,15,0,0,0,0,Cloudy,College Road Stop,24,5,53,0,0,6,0,0,47,74.6,44,69.84,MODERATE,MODERATE,0.0,10
AP0673,Kurnool-Hyderabad,Super Luxury,Visakhapatnam,2024-12-01,49,49,100.0,397.3,771.05,37781.3,99.74,December,Sunday,22:50,22,0,1,0,0,Hot,City Center Stop,12,30,49,6,3,3,6,3,49,100.0,44,89.8,HIGH,HIGH,12.24,0
AP0674,Kadapa-Hyderabad,Super Luxury,Visakhapatnam,2024-12-27,49,24,49.37,367.02,619.58,14869.86,69.72,December,Friday,17:10,17,1,0,0,0,Clear,Central Bus Station,22,30,24,28,10,3,28,10,31,63.27,38,77.55,MODERATE,MODERATE,57.14,25
AP0675,Vijayawada-Visakhapatnam,Express,Visakhapatnam,2024-08-13,55,32,58.34,384.52,203.41,6509.03,100.65,August,Tuesday,15:55,15,0,0,0,0,Rainy,Market Stop,23,30,32,6,4,6,6,4,30,54.55,40,72.73,LOW,MODERATE,10.91,23
AP0676,Hyderabad-Visakhapatnam,Ordinary,Tirupati,2024-08-01,63,54,85.74,580.11,282.34,15246.2,110.91,August,Thursday,13:35,13,0,0,0,1,Cloudy,Central Bus Station,21,15,54,22,4,6,22,4,52,82.54,56,88.89,HIGH,HIGH,34.92,9
AP0677,Vijayawada-Visakhapatnam,Ordinary,Nellore,2024-04-23,55,37,68.91,271.98,332.81,12313.98,52.25,April,Tuesday,21:55,21,0,0,0,0,Cloudy,College Road Stop,10,30,37,16,6,9,16,6,34,61.82,39,70.91,MODERATE,MODERATE,29.09,18
AP0678,Eluru-Hyderabad,Sleeper,Nellore,2024-10-26,40,36,91.74,302.97,699.55,25183.93,94.67,October,Saturday,14:50,14,0,1,0,0,Hot,Central Bus Station,26,15,36,8,8,4,8,8,40,100.0,32,80.0,HIGH,HIGH,20.0,4
AP0679,Hyderabad-Visakhapatnam,Ordinary,Kurnool,2024-11-10,59,59,100.0,562.57,221.64,13076.49,91.72,November,Sunday,10:30,10,0,1,0,1,Cloudy,College Road Stop,9,5,59,5,5,6,5,5,58,98.31,54,91.53,HIGH,HIGH,8.47,0
AP0680,Vijayawada-Tirupati,Volvo AC,Guntur,2024-02-07,49,23,48.35,309.38,876.08,20149.8,77.22,February,Wednesday,13:20,13,0,0,0,0,Rainy,Central Bus Station,10,5,23,11,4,2,11,4,25,51.02,30,61.22,LOW,MODERATE,22.45,26
AP0681,Vijayawada-Tirupati,Volvo AC,Vijayawada,2024-06-30,57,39,69.6,421.57,790.58,30832.54,91.73,June,Sunday,08:05,8,1,1,0,0,Cloudy,Central Bus Station,27,10,39,32,5,4,32,5,40,70.18,47,82.46,MODERATE,HIGH,56.14,18
AP0682,Kadapa-Hyderabad,Express,Visakhapatnam,2024-01-21,55,21,38.81,458.01,262.64,5515.53,87.17,January,Sunday,11:05,11,0,1,0,0,Clear,City Center Stop,12,10,21,7,6,5,7,6,22,40.0,23,41.82,LOW,LOW,12.73,34
AP0683,Kurnool-Hyderabad,Semi-Sleeper,Kurnool,2024-04-12,63,50,80.38,385.23,310.19,15509.3,101.31,April,Friday,06:20,6,0,0,0,0,Cloudy,Market Stop,22,30,50,7,7,6,7,7,51,80.95,61,96.83,HIGH,HIGH,11.11,13
AP0684,Hyderabad-Vijayawada,Ordinary,Visakhapatnam,2024-09-21,63,46,73.93,293.05,206.68,9507.25,61.38,September,Saturday,13:45,13,0,1,0,0,Clear,Market Stop,4,10,46,6,6,6,6,6,46,73.02,53,84.13,MODERATE,HIGH,9.52,17
AP0685,Hyderabad-Visakhapatnam,Express,Tirupati,2024-08-05,55,28,52.05,602.98,330.57,9255.91,221.25,August,Monday,16:30,16,0,0,0,1,Hot,Railway Station Stop,20,20,28,24,5,4,24,5,29,52.73,29,52.73,LOW,LOW,43.64,27
AP0686,Kadapa-Hyderabad,Sleeper,Guntur,2024-05-02,40,36,91.54,273.86,508.0,18288.07,65.2,May,Thursday,12:25,12,0,0,0,0,Rainy,Main Road Stop,27,10,36,13,5,4,13,5,37,92.5,39,97.5,HIGH,HIGH,32.5,4
AP0687,Hyderabad-Vijayawada,Sleeper,Visakhapatnam,2024-03-30,36,14,41.54,280.85,379.39,5311.48,56.32,March,Saturday,13:10,13,0,1,0,0,Clear,College Road Stop,22,20,14,8,5,4,8,5,15,41.67,17,47.22,LOW,LOW,22.22,22
AP0688,Kakinada-Vijayawada,Semi-Sleeper,Visakhapatnam,2024-09-05,63,12,20.0,328.75,191.23,2294.81,60.4,September,Thursday,22:30,22,0,0,0,0,Clear,Market Stop,19,15,12,20,10,3,20,10,19,30.16,21,33.33,LOW,LOW,31.75,51
AP0689,Kadapa-Hyderabad,Ordinary,Nellore,2024-02-06,59,51,87.07,300.5,338.67,17272.09,73.26,February,Tuesday,18:35,18,1,0,0,0,Clear,Main Road Stop,26,5,51,23,8,3,23,8,56,94.92,54,91.53,HIGH,HIGH,38.98,8
AP0690,Guntur-Hyderabad,Ordinary,Guntur,2024-03-31,55,43,79.33,171.95,351.41,15110.72,36.03,March,Sunday,14:55,14,0,1,0,0,Clear,Market Stop,11,15,43,6,5,2,6,5,46,83.64,45,81.82,HIGH,HIGH,10.91,12
AP0691,Nellore-Chennai,Sleeper,Vijayawada,2024-02-11,44,22,51.93,417.24,406.37,8940.15,87.73,February,Sunday,12:40,12,0,1,0,0,Clear,Central Bus Station,13,5,22,5,5,3,5,5,24,54.55,34,77.27,LOW,MODERATE,11.36,22
AP0692,Vijayawada-Visakhapatnam,Ordinary,Visakhapatnam,2024-06-30,55,45,81.89,235.36,162.29,7302.96,48.3,June,Sunday,21:35,21,0,1,0,1,Cloudy,Main Road Stop,4,30,45,24,6,8,24,6,43,78.18,52,94.55,MODERATE,HIGH,43.64,10
AP0693,Kadapa-Hyderabad,Super Luxury,Kurnool,2024-01-02,49,45,93.65,370.69,880.08,39603.76,91.37,January,Tuesday,11:50,11,0,0,0,0,Cloudy,Railway Station Stop,22,20,45,12,9,8,12,9,46,93.88,46,93.88,HIGH,HIGH,24.49,4
AP0694,Chittoor-Bangalore,Semi-Sleeper,Guntur,2024-04-26,55,32,59.92,345.21,301.76,9656.35,81.62,April,Friday,12:25,12,0,0,1,0,Rainy,Central Bus Station,23,30,32,9,9,1,9,9,40,72.73,47,85.45,MODERATE,HIGH,16.36,23
AP0695,Vijayawada-Visakhapatnam,Sleeper,Kurnool,2024-10-27,44,20,47.33,296.61,813.58,16271.51,74.58,October,Sunday,21:55,21,0,1,0,0,Clear,Central Bus Station,24,30,20,1,1,3,1,1,18,40.91,22,50.0,LOW,LOW,2.27,24
AP0696,Kakinada-Vijayawada,Sleeper,Hyderabad,2024-09-05,44,19,44.7,291.07,819.69,15574.06,70.42,September,Thursday,14:20,14,0,0,0,0,Clear,Railway Station Stop,23,10,19,5,5,5,5,5,19,43.18,22,50.0,LOW,LOW,11.36,25
AP0697,Hyderabad-Visakhapatnam,Super Luxury,Hyderabad,2024-07-22,53,48,91.15,606.83,479.22,23002.76,110.29,July,Monday,18:05,18,1,0,0,0,Clear,Market Stop,6,20,48,13,6,2,13,6,52,98.11,48,90.57,HIGH,HIGH,24.53,5
AP0698,Kurnool-Hyderabad,Ordinary,Vijayawada,2024-11-28,59,33,56.01,251.56,289.1,9540.41,50.64,November,Thursday,15:25,15,0,0,0,0,Rainy,Central Bus Station,21,5,33,2,2,4,2,2,31,52.54,31,52.54,LOW,LOW,3.39,26
AP0699,Hyderabad-Vijayawada,Volvo AC,Visakhapatnam,2024-03-23,49,34,70.85,283.01,685.33,23301.29,42.53,March,Saturday,17:05,17,1,1,0,0,Clear,College Road Stop,24,30,34,13,10,4,13,10,40,81.63,42,85.71,HIGH,HIGH,26.53,15
AP0700,Hyderabad-Vijayawada,Sleeper,Visakhapatnam,2024-01-22,36,22,61.53,295.2,762.7,16779.43,84.56,January,Monday,12:05,12,0,0,0,0,Clear,College Road Stop,8,20,22,6,6,2,6,6,26,72.22,24,66.67,MODERATE,MODERATE,16.67,14
AP0701,Hyderabad-Visakhapatnam,Sleeper,Tirupati,2024-08-30,44,42,97.01,618.46,886.1,37216.21,271.18,August,Friday,11:50,11,0,0,0,0,Clear,Central Bus Station,16,20,42,9,5,3,9,5,44,100.0,41,93.18,HIGH,HIGH,20.45,2
AP0702,Rajahmundry-Hyderabad,Semi-Sleeper,Hyderabad,2024-12-24,59,36,61.82,544.46,290.07,10442.39,128.91,December,Tuesday,12:45,12,0,0,0,0,Rainy,Main Road Stop,28,30,36,24,12,2,24,12,46,77.97,45,76.27,MODERATE,MODERATE,40.68,23
AP0703,Kakinada-Vijayawada,Super Luxury,Tirupati,2024-05-19,53,24,45.31,328.11,464.61,11150.63,64.17,May,Sunday,10:10,10,0,1,0,0,Clear,Market Stop,14,30,24,10,8,7,10,8,25,47.17,31,58.49,LOW,LOW,18.87,29
AP0704,Kadapa-Hyderabad,Semi-Sleeper,Nellore,2024-05-16,59,37,63.35,363.22,260.82,9650.33,82.4,May,Thursday,20:50,20,0,0,0,0,Cloudy,College Road Stop,24,30,37,11,10,5,11,10,42,71.19,44,74.58,MODERATE,MODERATE,18.64,22
AP0705,Hyderabad-Vijayawada,Ordinary,Tirupati,2024-06-18,55,39,71.43,254.97,239.8,9352.32,70.28,June,Tuesday,12:00,12,0,0,0,0,Cloudy,Central Bus Station,17,5,39,15,9,5,15,9,43,78.18,50,90.91,MODERATE,HIGH,27.27,16
AP0706,Kadapa-Hyderabad,Sleeper,Tirupati,2024-04-23,44,35,80.4,419.92,518.99,18164.71,119.07,April,Tuesday,15:15,15,0,0,0,0,Rainy,College Road Stop,21,5,35,13,7,3,13,7,39,88.64,44,100.0,HIGH,HIGH,29.55,9
AP0707,Ongole-Hyderabad,Express,Kurnool,2024-02-21,55,36,66.44,523.09,479.19,17250.69,136.5,February,Wednesday,19:40,19,1,0,0,1,Clear,Main Road Stop,20,30,36,27,5,1,27,5,40,72.73,43,78.18,MODERATE,MODERATE,49.09,19
AP0708,Vijayawada-Tirupati,Volvo AC,Vijayawada,2024-10-15,57,37,66.39,299.29,721.11,26680.9,68.71,October,Tuesday,19:15,19,1,0,0,1,Clear,Central Bus Station,21,10,37,27,8,5,27,8,40,70.18,46,80.7,MODERATE,HIGH,47.37,20
AP0709,Ongole-Hyderabad,Super Luxury,Kurnool,2024-03-02,49,31,65.01,275.06,698.18,21643.6,63.63,March,Saturday,13:40,13,0,1,0,0,Clear,City Center Stop,24,15,31,13,11,3,13,11,39,79.59,40,81.63,MODERATE,HIGH,26.53,18
AP0710,Hyderabad-Tirupati,Semi-Sleeper,Tirupati,2024-09-02,63,44,70.52,535.84,155.05,6822.18,103.74,September,Monday,14:50,14,0,0,0,0,Clear,Central Bus Station,28,5,44,29,6,2,29,6,48,76.19,50,79.37,MODERATE,MODERATE,46.03,19
AP0711,Rajahmundry-Hyderabad,Volvo AC,Nellore,2024-04-15,53,40,77.05,333.19,945.11,37804.23,112.85,April,Monday,22:00,22,0,0,0,0,Cloudy,Central Bus Station,11,20,40,17,9,4,17,9,45,84.91,51,96.23,HIGH,HIGH,32.08,13
AP0712,Chittoor-Bangalore,Express,Visakhapatnam,2024-02-24,59,26,45.7,330.3,529.87,13776.7,82.34,February,Saturday,17:00,17,1,1,0,0,Clear,City Center Stop,28,30,26,14,5,2,14,5,29,49.15,36,61.02,LOW,MODERATE,23.73,33
AP0713,Hyderabad-Tirupati,Sleeper,Visakhapatnam,2024-10-31,36,26,73.37,521.62,942.17,24496.38,162.25,October,Thursday,20:55,20,0,0,0,0,Clear,Railway Station Stop,20,30,26,14,10,2,14,10,34,94.44,27,75.0,HIGH,MODERATE,38.89,10
AP0714,Kakinada-Vijayawada,Volvo AC,Hyderabad,2024-04-13,53,40,76.73,240.79,604.53,24181.3,56.04,April,Saturday,21:30,21,0,1,0,0,Clear,Market Stop,19,15,40,7,7,2,7,7,45,84.91,49,92.45,HIGH,HIGH,13.21,13
AP0715,Vijayawada-Visakhapatnam,Semi-Sleeper,Tirupati,2024-01-30,59,41,69.79,247.24,222.39,9117.86,60.14,January,Tuesday,19:30,19,1,0,0,0,Cloudy,College Road Stop,12,20,41,23,4,6,23,4,39,66.1,41,69.49,MODERATE,MODERATE,38.98,18
AP0716,Nellore-Chennai,Express,Hyderabad,2024-08-02,63,53,84.86,293.63,493.97,26180.27,60.77,August,Friday,11:25,11,0,0,0,0,Clear,Railway Station Stop,14,15,53,4,4,5,4,4,52,82.54,56,88.89,HIGH,HIGH,6.35,10
AP0717,Anantapur-Bangalore,Express,Visakhapatnam,2024-10-15,59,11,20.0,433.28,514.6,5660.63,83.69,October,Tuesday,15:25,15,0,0,0,0,Cloudy,Railway Station Stop,21,15,11,5,5,4,5,5,12,20.34,14,23.73,LOW,LOW,8.47,48
AP0718,Hyderabad-Tirupati,Sleeper,Visakhapatnam,2024-06-25,36,24,68.7,531.49,492.08,11810.02,120.31,June,Tuesday,09:40,9,1,0,0,1,Clear,Central Bus Station,13,15,24,27,4,3,27,4,25,69.44,36,100.0,MODERATE,HIGH,75.0,12
AP0719,Kakinada-Vijayawada,Sleeper,Kurnool,2024-05-23,40,24,61.21,402.32,582.41,13977.76,114.17,May,Thursday,16:30,16,0,0,0,0,Hot,Railway Station Stop,11,30,24,18,5,8,18,5,21,52.5,26,65.0,LOW,MODERATE,45.0,16
AP0720,Kadapa-Hyderabad,Ordinary,Vijayawada,2024-03-12,59,42,72.47,524.86,164.82,6922.42,125.34,March,Tuesday,22:05,22,0,0,0,0,Cloudy,Main Road Stop,25,10,42,15,8,2,15,8,48,81.36,57,96.61,HIGH,HIGH,25.42,17
AP0721,Chittoor-Bangalore,Express,Hyderabad,2024-01-26,59,32,55.41,335.98,238.33,7626.52,60.97,January,Friday,14:35,14,0,0,0,0,Clear,College Road Stop,14,15,32,17,14,3,17,14,43,72.88,41,69.49,MODERATE,MODERATE,28.81,27
AP0722,Kurnool-Hyderabad,Volvo AC,Visakhapatnam,2024-07-01,57,45,79.03,217.98,956.24,43030.68,49.96,July,Monday,13:40,13,0,0,0,0,Clear,Railway Station Stop,21,20,45,14,6,8,14,6,43,75.44,40,70.18,MODERATE,MODERATE,24.56,12
AP0723,Anantapur-Bangalore,Ordinary,Nellore,2024-08-17,59,34,57.9,285.83,343.43,11676.77,49.01,August,Saturday,07:05,7,1,1,0,0,Clear,Central Bus Station,3,15,34,21,9,5,21,9,38,64.41,41,69.49,MODERATE,MODERATE,35.59,25
AP0724,Hyderabad-Tirupati,Express,Visakhapatnam,2024-11-24,55,49,89.36,536.18,276.52,13549.26,91.57,November,Sunday,22:20,22,0,1,0,0,Clear,City Center Stop,5,5,49,9,9,5,9,9,53,96.36,55,100.0,HIGH,HIGH,16.36,6
AP0725,Vijayawada-Visakhapatnam,Volvo AC,Guntur,2024-10-23,57,33,59.6,262.41,893.65,29490.41,60.37,October,Wednesday,09:45,9,1,0,0,0,Clear,Main Road Stop,26,10,33,25,6,4,25,6,35,61.4,37,64.91,MODERATE,MODERATE,43.86,24
AP0726,Hyderabad-Visakhapatnam,Sleeper,Guntur,2024-06-22,40,27,68.1,627.95,451.45,12189.17,116.2,June,Saturday,07:35,7,1,1,0,0,Rainy,Main Road Stop,6,20,27,28,8,5,28,8,30,75.0,23,57.5,MODERATE,LOW,70.0,13
AP0727,Kadapa-Hyderabad,Super Luxury,Kurnool,2024-09-14,45,38,84.71,341.73,569.43,21638.21,72.79,September,Saturday,11:05,11,0,1,0,0,Cloudy,City Center Stop,25,20,38,12,7,4,12,7,41,91.11,39,86.67,HIGH,HIGH,26.67,7
AP0728,Nellore-Chennai,Express,Kurnool,2024-10-07,55,44,81.28,393.35,372.65,16396.63,96.1,October,Monday,08:00,8,1,0,0,0,Clear,College Road Stop,28,20,44,19,7,6,19,7,45,81.82,46,83.64,HIGH,HIGH,34.55,11
AP0729,Hyderabad-Vijayawada,Sleeper,Visakhapatnam,2024-10-09,40,31,78.95,284.99,841.98,26101.42,57.43,October,Wednesday,13:30,13,0,0,1,0,Cloudy,City Center Stop,16,30,31,26,3,10,26,3,24,60.0,27,67.5,MODERATE,MODERATE,65.0,9
AP0730,Kakinada-Vijayawada,Super Luxury,Kurnool,2024-08-31,45,27,60.48,470.99,517.28,13966.6,87.52,August,Saturday,14:25,14,0,1,0,0,Clear,Railway Station Stop,27,20,27,12,8,5,12,8,30,66.67,39,86.67,MODERATE,HIGH,26.67,18
AP0731,Hyderabad-Tirupati,Volvo AC,Nellore,2024-06-09,53,44,83.89,500.57,678.33,29846.51,93.26,June,Sunday,12:55,12,0,1,0,0,Hot,City Center Stop,14,15,44,12,11,3,12,11,52,98.11,49,92.45,HIGH,HIGH,22.64,9
AP0732,Kurnool-Hyderabad,Semi-Sleeper,Kurnool,2024-02-27,63,44,70.9,362.22,253.01,11132.44,89.29,February,Tuesday,07:30,7,1,0,0,0,Clear,Central Bus Station,29,10,44,23,8,3,23,8,49,77.78,56,88.89,MODERATE,HIGH,36.51,19
AP0733,Vijayawada-Tirupati,Volvo AC,Guntur,2024-04-30,49,34,70.68,371.06,856.63,29125.56,90.3,April,Tuesday,09:55,9,1,0,0,0,Cloudy,Railway Station Stop,9,10,34,19,11,3,19,11,42,85.71,47,95.92,HIGH,HIGH,38.78,15
AP0734,Kakinada-Vijayawada,Semi-Sleeper,Hyderabad,2024-02-17,63,25,40.76,314.15,282.54,7063.45,64.65,February,Saturday,13:10,13,0,1,0,0,Rainy,Main Road Stop,14,30,25,9,9,4,9,9,30,47.62,29,46.03,LOW,LOW,14.29,38
AP0735,Rajahmundry-Hyderabad,Ordinary,Visakhapatnam,2024-06-23,59,50,85.29,213.5,350.75,17537.39,42.18,June,Sunday,08:25,8,1,1,0,0,Clear,Market Stop,13,15,50,22,8,1,22,8,57,96.61,50,84.75,HIGH,HIGH,37.29,9
AP0736,Guntur-Hyderabad,Super Luxury,Tirupati,2024-07-30,49,39,81.22,356.33,600.24,23409.47,66.13,July,Tuesday,17:05,17,1,0,0,0,Clear,Main Road Stop,24,20,39,20,6,3,20,6,42,85.71,44,89.8,HIGH,HIGH,40.82,10
AP0737,Chittoor-Bangalore,Express,Tirupati,2024-06-20,63,34,54.87,337.23,510.39,17353.37,73.89,June,Thursday,11:30,11,0,0,0,0,Clear,Main Road Stop,4,5,34,23,7,6,23,7,35,55.56,35,55.56,LOW,LOW,36.51,29
AP0738,Rajahmundry-Hyderabad,Express,Nellore,2024-11-14,63,39,62.82,378.98,425.07,16577.7,76.18,November,Thursday,12:10,12,0,0,0,0,Rainy,Market Stop,26,5,39,19,4,2,19,4,41,65.08,47,74.6,MODERATE,MODERATE,30.16,24
AP0739,Vijayawada-Tirupati,Semi-Sleeper,Hyderabad,2024-02-29,59,42,72.36,376.12,306.76,12884.04,70.72,February,Thursday,13:25,13,0,0,0,0,Clear,City Center Stop,3,10,42,8,7,2,8,7,47,79.66,48,81.36,MODERATE,HIGH,13.56,17
AP0740,Kurnool-Hyderabad,Super Luxury,Vijayawada,2024-10-03,49,42,86.95,273.06,754.41,31685.3,59.12,October,Thursday,13:20,13,0,0,0,0,Cloudy,Railway Station Stop,11,5,42,16,8,1,16,8,49,100.0,43,87.76,HIGH,HIGH,32.65,7
AP0741,Hyderabad-Vijayawada,Ordinary,Visakhapatnam,2024-03-17,59,49,84.53,274.64,254.03,12447.46,50.28,March,Sunday,05:10,5,0,1,0,0,Rainy,Market Stop,19,20,49,16,13,6,16,13,56,94.92,55,93.22,HIGH,HIGH,27.12,10
AP0742,Hyderabad-Visakhapatnam,Semi-Sleeper,Kurnool,2024-01-17,55,35,65.12,607.97,256.42,8974.86,215.14,January,Wednesday,09:05,9,1,0,0,0,Rainy,Market Stop,7,20,35,30,10,4,30,10,41,74.55,45,81.82,MODERATE,HIGH,54.55,20
AP0743,Hyderabad-Tirupati,Super Luxury,Kurnool,2024-12-06,45,43,96.82,543.36,589.97,25368.55,129.99,December,Friday,20:30,20,0,0,0,0,Clear,Railway Station Stop,16,15,43,9,4,2,9,4,45,100.0,40,88.89,HIGH,HIGH,20.0,2
AP0744,Anantapur-Bangalore,Super Luxury,Vijayawada,2024-01-16,45,15,34.88,344.81,569.89,8548.35,78.53,January,Tuesday,05:55,5,0,0,0,0,Clear,Main Road Stop,30,10,15,13,4,1,13,4,18,40.0,19,42.22,LOW,LOW,28.89,30
AP0745,Nellore-Chennai,Semi-Sleeper,Tirupati,2024-10-23,63,22,35.79,210.46,332.83,7322.19,53.5,October,Wednesday,14:10,14,0,0,0,0,Cloudy,Railway Station Stop,26,15,22,11,7,4,11,7,25,39.68,25,39.68,LOW,LOW,17.46,41
AP0746,Guntur-Hyderabad,Super Luxury,Tirupati,2024-04-12,45,34,77.73,344.31,550.01,18700.2,81.38,April,Friday,14:20,14,0,0,0,0,Clear,College Road Stop,3,5,34,12,10,7,12,10,37,82.22,31,68.89,HIGH,MODERATE,26.67,11
AP0747,Hyderabad-Vijayawada,Ordinary,Guntur,2024-06-30,63,39,62.94,294.87,302.76,11807.49,67.39,June,Sunday,12:10,12,0,1,0,0,Rainy,Main Road Stop,19,15,39,9,7,3,9,7,43,68.25,51,80.95,MODERATE,HIGH,14.29,24
AP0748,Kurnool-Hyderabad,Semi-Sleeper,Nellore,2024-08-19,63,58,92.36,252.18,174.82,10139.78,66.97,August,Monday,13:45,13,0,0,0,0,Clear,Railway Station Stop,19,5,58,15,9,4,15,9,63,100.0,57,90.48,HIGH,HIGH,23.81,5
AP0749,Vijayawada-Visakhapatnam,Express,Guntur,2024-02-06,63,44,71.16,358.45,557.34,24523.01,69.76,February,Tuesday,19:20,19,1,0,0,0,Clear,College Road Stop,4,5,44,23,7,2,23,7,49,77.78,63,100.0,MODERATE,HIGH,36.51,19
AP0750,Kakinada-Vijayawada,Ordinary,Tirupati,2024-02-22,59,34,58.91,312.16,206.66,7026.34,67.62,February,Thursday,20:55,20,0,0,0,0,Rainy,Railway Station Stop,21,5,34,22,10,4,22,10,40,67.8,41,69.49,MODERATE,MODERATE,37.29,25
AP0751,Chittoor-Bangalore,Super Luxury,Visakhapatnam,2024-04-10,53,47,89.8,371.7,607.58,28556.28,99.33,April,Wednesday,12:10,12,0,0,0,0,Clear,Main Road Stop,17,5,47,12,3,3,12,3,47,88.68,51,96.23,HIGH,HIGH,22.64,6
AP0752,Vijayawada-Tirupati,Sleeper,Vijayawada,2024-06-14,44,17,40.24,489.7,591.22,10050.79,92.83,June,Friday,12:00,12,0,0,0,0,Clear,Railway Station Stop,22,15,17,10,10,5,10,10,22,50.0,28,63.64,LOW,MODERATE,22.73,27
AP0753,Kurnool-Hyderabad,Super Luxury,Vijayawada,2024-02-19,49,49,100.0,293.82,291.83,14299.86,60.17,February,Monday,11:30,11,0,0,0,0,Clear,College Road Stop,11,15,49,17,5,6,17,5,48,97.96,48,97.96,HIGH,HIGH,34.69,0
AP0754,Ongole-Hyderabad,Semi-Sleeper,Vijayawada,2024-03-18,63,48,77.23,252.73,292.48,14039.14,51.46,March,Monday,14:35,14,0,0,0,0,Clear,Main Road Stop,10,20,48,7,7,4,7,7,51,80.95,52,82.54,HIGH,HIGH,11.11,15
AP0755,Nellore-Chennai,Volvo AC,Visakhapatnam,2024-11-01,53,36,68.31,431.65,664.56,23924.23,96.14,November,Friday,17:55,17,1,0,0,1,Rainy,Railway Station Stop,23,15,36,34,7,3,34,7,40,75.47,45,84.91,MODERATE,HIGH,64.15,17
AP0756,Kurnool-Hyderabad,Sleeper,Guntur,2024-05-28,36,17,49.73,381.14,686.34,11667.83,112.29,May,Tuesday,11:50,11,0,0,0,0,Clear,College Road Stop,23,5,17,18,8,1,18,8,24,66.67,15,41.67,MODERATE,LOW,50.0,19
AP0757,Kakinada-Vijayawada,Express,Hyderabad,2024-08-01,55,29,53.61,354.46,223.79,6489.84,64.38,August,Thursday,12:50,12,0,0,0,0,Clear,Main Road Stop,7,5,29,20,7,1,20,7,35,63.64,36,65.45,MODERATE,MODERATE,36.36,26
AP0758,Ongole-Hyderabad,Super Luxury,Tirupati,2024-05-14,49,33,67.6,356.24,532.03,17557.12,60.01,May,Tuesday,21:35,21,0,0,0,0,Clear,Market Stop,9,20,33,14,9,1,14,9,41,83.67,43,87.76,HIGH,HIGH,28.57,16
AP0759,Ongole-Hyderabad,Volvo AC,Kurnool,2024-10-06,53,47,89.52,310.73,663.72,31195.03,72.05,October,Sunday,07:20,7,1,1,1,0,Hot,City Center Stop,19,30,47,21,8,2,21,8,53,100.0,50,94.34,HIGH,HIGH,39.62,6
AP0760,Guntur-Hyderabad,Express,Nellore,2024-08-07,59,52,89.57,267.79,405.35,21078.41,75.98,August,Wednesday,13:25,13,0,0,0,1,Clear,Market Stop,26,10,52,18,11,5,18,11,58,98.31,50,84.75,HIGH,HIGH,30.51,7
AP0761,Nellore-Chennai,Express,Kurnool,2024-03-03,63,25,40.67,365.15,374.58,9364.61,117.53,March,Sunday,18:05,18,1,1,0,1,Hot,Railway Station Stop,8,10,25,27,12,5,27,12,32,50.79,39,61.9,LOW,MODERATE,42.86,38
AP0762,Eluru-Hyderabad,Express,Hyderabad,2024-02-22,63,58,93.42,268.81,339.42,19686.22,62.8,February,Thursday,10:25,10,0,0,0,0,Rainy,Central Bus Station,9,10,58,11,7,2,11,7,63,100.0,57,90.48,HIGH,HIGH,17.46,5
AP0763,Hyderabad-Visakhapatnam,Semi-Sleeper,Tirupati,2024-11-18,55,36,66.11,626.54,233.99,8423.77,135.43,November,Monday,07:20,7,1,0,0,1,Clear,City Center Stop,25,10,36,33,13,0,33,13,49,89.09,55,100.0,HIGH,HIGH,60.0,19
AP0764,Chittoor-Bangalore,Express,Vijayawada,2024-07-07,63,50,80.03,166.14,442.1,22104.82,48.63,July,Sunday,10:00,10,0,1,0,0,Rainy,Railway Station Stop,22,10,50,17,8,7,17,8,51,80.95,58,92.06,HIGH,HIGH,26.98,13
AP0765,Kurnool-Hyderabad,Semi-Sleeper,Vijayawada,2024-08-21,63,50,79.58,236.19,383.1,19154.93,49.29,August,Wednesday,21:10,21,0,0,0,0,Cloudy,College Road Stop,28,15,50,7,7,6,7,7,51,80.95,49,77.78,HIGH,MODERATE,11.11,13
AP0766,Rajahmundry-Hyderabad,Volvo AC,Kurnool,2024-03-14,57,35,62.14,252.36,785.0,27475.07,71.39,March,Thursday,05:30,5,0,0,0,0,Clear,Railway Station Stop,24,20,35,23,9,2,23,9,42,73.68,47,82.46,MODERATE,HIGH,40.35,22
AP0767,Eluru-Hyderabad,Volvo AC,Visakhapatnam,2024-11-05,53,47,90.39,350.31,785.52,36919.46,63.88,November,Tuesday,11:20,11,0,0,0,0,Clear,Market Stop,29,20,47,13,6,5,13,6,48,90.57,43,81.13,HIGH,HIGH,24.53,6
AP0768,Guntur-Hyderabad,Super Luxury,Visakhapatnam,2024-12-14,49,26,54.0,469.78,747.4,19432.46,85.48,December,Saturday,06:55,6,0,1,0,0,Rainy,Market Stop,8,30,26,7,7,3,7,7,30,61.22,30,61.22,MODERATE,MODERATE,14.29,23
AP0769,Hyderabad-Vijayawada,Express,Vijayawada,2024-06-03,59,58,98.95,282.33,539.85,31311.48,68.28,June,Monday,09:25,9,1,0,0,0,Rainy,College Road Stop,10,10,58,17,4,3,17,4,59,100.0,56,94.92,HIGH,HIGH,28.81,1
AP0770,Hyderabad-Vijayawada,Super Luxury,Tirupati,2024-10-24,45,24,54.16,276.27,649.03,15576.68,73.8,October,Thursday,16:55,16,0,0,0,0,Rainy,City Center Stop,9,15,24,23,8,3,23,8,29,64.44,36,80.0,MODERATE,HIGH,51.11,21
AP0771,Hyderabad-Visakhapatnam,Ordinary,Nellore,2024-05-31,55,40,73.08,630.2,291.84,11673.73,178.45,May,Friday,11:35,11,0,0,0,0,Hot,Central Bus Station,4,10,40,23,9,1,23,9,48,87.27,51,92.73,HIGH,HIGH,41.82,15
AP0772,Hyderabad-Visakhapatnam,Semi-Sleeper,Kurnool,2024-05-15,63,60,96.79,588.74,226.44,13586.61,121.85,May,Wednesday,15:00,15,0,0,0,0,Clear,City Center Stop,24,5,60,18,7,4,18,7,63,100.0,59,93.65,HIGH,HIGH,28.57,3
AP0773,Guntur-Hyderabad,Sleeper,Visakhapatnam,2024-08-08,36,28,79.73,554.3,895.68,25079.0,117.13,August,Thursday,15:10,15,0,0,0,0,Rainy,College Road Stop,21,10,28,22,8,3,22,8,33,91.67,28,77.78,HIGH,MODERATE,61.11,8
AP0774,Rajahmundry-Hyderabad,Ordinary,Tirupati,2024-09-04,59,32,54.79,327.9,271.85,8699.26,71.98,September,Wednesday,20:40,20,0,0,0,0,Rainy,Central Bus Station,5,10,32,21,0,1,21,0,31,52.54,40,67.8,LOW,MODERATE,35.59,27
AP0775,Hyderabad-Tirupati,Ordinary,Guntur,2024-08-20,59,50,85.25,598.05,100.0,5000.0,150.48,August,Tuesday,05:30,5,0,0,0,0,Clear,Central Bus Station,8,15,50,15,12,3,15,12,59,100.0,51,86.44,HIGH,HIGH,25.42,9
AP0776,Hyderabad-Tirupati,Super Luxury,Tirupati,2024-02-08,45,37,82.53,557.82,546.76,20230.05,94.13,February,Thursday,20:15,20,0,0,1,0,Clear,College Road Stop,8,5,37,18,7,4,18,7,40,88.89,38,84.44,HIGH,HIGH,40.0,8
AP0777,Vijayawada-Tirupati,Express,Kurnool,2024-10-17,59,41,70.43,170.44,329.31,13501.69,40.24,October,Thursday,16:30,16,0,0,0,0,Clear,City Center Stop,14,20,41,15,6,4,15,6,43,72.88,51,86.44,MODERATE,HIGH,25.42,18
AP0778,Kadapa-Hyderabad,Volvo AC,Nellore,2024-04-12,57,47,82.71,509.83,1031.95,48501.79,100.23,April,Friday,10:50,10,0,0,0,0,Rainy,Market Stop,15,30,47,18,5,3,18,5,49,85.96,54,94.74,HIGH,HIGH,31.58,10
AP0779,Chittoor-Bangalore,Super Luxury,Nellore,2024-11-28,49,44,89.82,139.53,556.86,24501.81,22.75,November,Thursday,19:20,19,1,0,0,0,Clear,Railway Station Stop,11,30,44,16,7,4,16,7,47,95.92,45,91.84,HIGH,HIGH,32.65,5
AP0780,Kurnool-Hyderabad,Volvo AC,Hyderabad,2024-05-22,49,35,71.85,213.66,481.21,16842.25,42.05,May,Wednesday,20:00,20,0,0,0,0,Cloudy,City Center Stop,29,5,35,16,6,2,16,6,39,79.59,47,95.92,MODERATE,HIGH,32.65,14
AP0781,Eluru-Hyderabad,Ordinary,Tirupati,2024-08-27,63,54,86.08,423.1,266.41,14385.9,85.81,August,Tuesday,12:15,12,0,0,0,0,Clear,Main Road Stop,8,5,54,21,6,8,21,6,52,82.54,51,80.95,HIGH,HIGH,33.33,9
AP0782,Kakinada-Vijayawada,Super Luxury,Kurnool,2024-11-22,45,45,100.0,429.23,707.36,31831.21,90.64,November,Friday,21:55,21,0,0,0,1,Clear,Main Road Stop,18,30,45,16,6,7,16,6,44,97.78,42,93.33,HIGH,HIGH,35.56,0
AP0783,Guntur-Hyderabad,Super Luxury,Kurnool,2024-02-21,49,43,89.44,538.54,468.93,20164.02,143.32,February,Wednesday,13:45,13,0,0,0,0,Cloudy,City Center Stop,15,30,43,10,9,3,10,9,49,100.0,43,87.76,HIGH,HIGH,20.41,6
AP0784,Anantapur-Bangalore,Ordinary,Kurnool,2024-12-27,59,22,37.74,142.55,235.87,5189.15,31.8,December,Friday,16:50,16,0,0,0,0,Clear,Main Road Stop,13,15,22,15,14,4,15,14,32,54.24,30,50.85,LOW,LOW,25.42,37
AP0785,Kadapa-Hyderabad,Ordinary,Visakhapatnam,2024-06-14,55,52,95.13,379.78,280.09,14564.9,61.43,June,Friday,22:50,22,0,0,0,0,Rainy,Market Stop,26,10,52,10,7,4,10,7,55,100.0,45,81.82,HIGH,HIGH,18.18,3
AP0786,Guntur-Hyderabad,Sleeper,Guntur,2024-06-24,36,24,69.16,312.21,869.2,20860.72,80.03,June,Monday,13:05,13,0,0,0,0,Clear,Market Stop,30,15,24,4,4,3,4,4,25,69.44,25,69.44,MODERATE,MODERATE,11.11,12
AP0787,Chittoor-Bangalore,Ordinary,Nellore,2024-09-05,59,54,92.15,443.34,252.51,13635.63,143.42,September,Thursday,19:15,19,1,0,0,0,Hot,Railway Station Stop,3,15,54,27,7,4,27,7,57,96.61,59,100.0,HIGH,HIGH,45.76,5
AP0788,Ongole-Hyderabad,Sleeper,Vijayawada,2024-07-02,40,26,67.25,508.83,934.55,24298.34,101.34,July,Tuesday,12:00,12,0,0,0,0,Clear,Main Road Stop,15,30,26,9,8,3,9,8,31,77.5,36,90.0,MODERATE,HIGH,22.5,14
AP0789,Rajahmundry-Hyderabad,Volvo AC,Guntur,2024-08-08,49,47,97.17,397.78,866.89,40743.72,90.45,August,Thursday,19:00,19,1,0,0,0,Hot,College Road Stop,6,15,47,20,8,6,20,8,49,100.0,49,100.0,HIGH,HIGH,40.82,2
AP0790,Guntur-Hyderabad,Semi-Sleeper,Kurnool,2024-02-03,59,40,68.64,179.03,256.91,10276.58,44.16,February,Saturday,15:50,15,0,1,0,0,Cloudy,College Road Stop,15,5,40,8,6,1,8,6,45,76.27,47,79.66,MODERATE,MODERATE,13.56,19
AP0791,Hyderabad-Visakhapatnam,Express,Hyderabad,2024-07-30,63,42,67.18,612.53,399.91,16796.11,142.45,July,Tuesday,11:55,11,0,0,0,0,Clear,Main Road Stop,20,20,42,20,7,4,20,7,45,71.43,47,74.6,MODERATE,MODERATE,31.75,21
AP0792,Hyderabad-Visakhapatnam,Ordinary,Tirupati,2024-02-14,63,50,80.27,626.13,306.37,15318.62,155.77,February,Wednesday,13:05,13,0,0,0,0,Clear,Market Stop,14,20,50,17,11,6,17,11,55,87.3,61,96.83,HIGH,HIGH,26.98,13
AP0793,Chittoor-Bangalore,Super Luxury,Visakhapatnam,2024-07-08,53,39,74.39,374.83,466.36,18188.1,82.16,July,Monday,12:40,12,0,0,0,0,Clear,Central Bus Station,11,10,39,11,11,4,11,11,46,86.79,47,88.68,HIGH,HIGH,20.75,14
AP0794,Eluru-Hyderabad,Express,Tirupati,2024-11-18,59,44,75.69,434.39,297.0,13068.12,82.89,November,Monday,08:30,8,1,0,0,0,Cloudy,Main Road Stop,11,5,44,13,8,1,13,8,51,86.44,54,91.53,HIGH,HIGH,22.03,15
AP0795,Hyderabad-Visakhapatnam,Sleeper,Visakhapatnam,2024-06-25,40,29,73.8,635.14,771.73,22380.16,141.86,June,Tuesday,06:00,6,0,0,0,0,Rainy,City Center Stop,11,5,29,12,4,0,12,4,33,82.5,39,97.5,HIGH,HIGH,30.0,11
AP0796,Hyderabad-Vijayawada,Volvo AC,Guntur,2024-04-25,49,24,50.15,259.05,653.04,15672.94,91.94,April,Thursday,12:50,12,0,0,1,0,Clear,Railway Station Stop,12,30,24,19,7,4,19,7,27,55.1,30,61.22,LOW,MODERATE,38.78,25
AP0797,Nellore-Chennai,Ordinary,Nellore,2024-10-06,59,27,46.33,369.1,305.13,8238.6,81.41,October,Sunday,06:50,6,0,1,0,0,Clear,Railway Station Stop,13,15,27,13,4,4,13,4,27,45.76,34,57.63,LOW,LOW,22.03,32
AP0798,Anantapur-Bangalore,Ordinary,Tirupati,2024-08-16,55,43,78.97,260.6,147.85,6357.62,75.41,August,Friday,10:30,10,0,0,1,0,Cloudy,City Center Stop,22,15,43,17,8,3,17,8,48,87.27,48,87.27,HIGH,HIGH,30.91,12
AP0799,Kurnool-Hyderabad,Ordinary,Tirupati,2024-11-26,63,56,89.89,305.53,279.24,15637.42,75.37,November,Tuesday,18:40,18,1,0,1,0,Clear,College Road Stop,5,30,56,25,8,1,25,8,63,100.0,56,88.89,HIGH,HIGH,39.68,7
AP0800,Kadapa-Hyderabad,Express,Guntur,2024-07-21,55,49,90.87,310.02,357.51,17517.99,62.9,July,Sunday,18:20,18,1,1,0,1,Cloudy,College Road Stop,4,5,49,30,7,8,30,7,48,87.27,52,94.55,HIGH,HIGH,54.55,6
AP0801,Nellore-Chennai,Semi-Sleeper,Guntur,2024-07-04,63,51,82.15,577.58,249.92,12746.11,151.27,July,Thursday,18:45,18,1,0,0,0,Clear,College Road Stop,17,10,51,20,9,2,20,9,58,92.06,52,82.54,HIGH,HIGH,31.75,12
AP0802,Guntur-Hyderabad,Ordinary,Hyderabad,2024-01-10,63,47,74.84,235.21,180.46,8481.48,46.04,January,Wednesday,12:25,12,0,0,0,0,Cloudy,Market Stop,22,30,47,15,9,3,15,9,53,84.13,55,87.3,HIGH,HIGH,23.81,16
AP0803,Chittoor-Bangalore,Super Luxury,Hyderabad,2024-04-02,45,9,20.1,261.86,573.33,5159.95,46.57,April,Tuesday,21:55,21,0,0,0,0,Hot,Railway Station Stop,10,15,9,6,6,5,6,6,10,22.22,7,15.56,LOW,LOW,13.33,36
AP0804,Vijayawada-Visakhapatnam,Sleeper,Vijayawada,2024-09-16,36,13,37.44,517.37,562.1,7307.28,137.35,September,Monday,15:00,15,0,0,0,0,Clear,Main Road Stop,8,5,13,27,4,4,27,4,13,36.11,11,30.56,LOW,LOW,75.0,23
AP0805,Vijayawada-Visakhapatnam,Semi-Sleeper,Tirupati,2024-06-09,63,27,43.89,505.38,276.23,7458.2,174.03,June,Sunday,09:10,9,1,1,0,0,Clear,City Center Stop,20,20,27,18,7,3,18,7,31,49.21,30,47.62,LOW,LOW,28.57,36
AP0806,Ongole-Hyderabad,Volvo AC,Hyderabad,2024-10-01,49,33,68.31,454.04,843.73,27843.15,154.65,October,Tuesday,10:55,10,0,0,0,1,Clear,Main Road Stop,13,5,33,18,9,2,18,9,40,81.63,48,97.96,HIGH,HIGH,36.73,16
AP0807,Hyderabad-Vijayawada,Express,Nellore,2024-10-15,59,53,91.18,262.97,400.53,21227.84,103.69,October,Tuesday,17:15,17,1,0,0,1,Cloudy,City Center Stop,23,20,53,28,10,4,28,10,59,100.0,54,91.53,HIGH,HIGH,47.46,6
AP0808,Vijayawada-Tirupati,Express,Guntur,2024-04-03,63,55,88.78,452.94,377.2,20745.85,107.07,April,Wednesday,10:15,10,0,0,0,1,Clear,City Center Stop,7,20,55,15,7,4,15,7,58,92.06,58,92.06,HIGH,HIGH,23.81,8
AP0809,Hyderabad-Tirupati,Semi-Sleeper,Tirupati,2024-12-08,55,39,72.67,597.5,271.11,10573.38,206.64,December,Sunday,14:45,14,0,1,0,0,Hot,Central Bus Station,6,30,39,12,10,7,12,10,42,76.36,38,69.09,MODERATE,MODERATE,21.82,16
AP0810,Vijayawada-Visakhapatnam,Super Luxury,Hyderabad,2024-06-03,53,32,61.25,286.67,446.12,14275.83,57.69,June,Monday,22:10,22,0,0,0,1,Cloudy,College Road Stop,18,15,32,17,11,6,17,11,37,69.81,42,79.25,MODERATE,MODERATE,32.08,21
AP0811,Kakinada-Vijayawada,Ordinary,Guntur,2024-05-04,59,30,51.64,265.57,263.06,7891.68,52.97,May,Saturday,05:30,5,0,1,0,0,Clear,City Center Stop,13,10,30,7,7,6,7,7,31,52.54,32,54.24,LOW,LOW,11.86,29
AP0812,Eluru-Hyderabad,Express,Visakhapatnam,2024-11-11,59,27,46.18,643.57,424.22,11454.07,176.74,November,Monday,06:15,6,0,0,0,0,Rainy,Railway Station Stop,23,30,27,17,11,2,17,11,36,61.02,40,67.8,MODERATE,MODERATE,28.81,32
AP0813,Ongole-Hyderabad,Volvo AC,Vijayawada,2024-10-18,53,47,89.37,309.07,920.04,43242.0,53.41,October,Friday,22:10,22,0,0,0,0,Clear,Market Stop,17,15,47,2,2,1,2,2,48,90.57,51,96.23,HIGH,HIGH,3.77,6
AP0814,Vijayawada-Visakhapatnam,Ordinary,Guntur,2024-09-22,55,37,67.83,367.99,426.99,15798.68,71.17,September,Sunday,15:55,15,0,1,0,0,Rainy,City Center Stop,12,20,37,25,12,3,25,12,46,83.64,55,100.0,HIGH,HIGH,45.45,18
AP0815,Chittoor-Bangalore,Express,Kurnool,2024-09-27,59,19,32.49,319.97,451.34,8575.41,65.19,September,Friday,09:10,9,1,0,0,0,Clear,Railway Station Stop,7,5,19,25,9,6,25,9,22,37.29,18,30.51,LOW,LOW,42.37,40
AP0816,Kadapa-Hyderabad,Volvo AC,Tirupati,2024-03-22,53,45,84.92,215.1,861.97,38788.54,50.57,March,Friday,21:05,21,0,0,0,1,Cloudy,Central Bus Station,7,20,45,21,13,5,21,13,53,100.0,49,92.45,HIGH,HIGH,39.62,8
AP0817,Vijayawada-Visakhapatnam,Ordinary,Vijayawada,2024-09-13,59,17,30.34,393.52,212.66,3615.21,67.41,September,Friday,20:40,20,0,0,0,0,Hot,Main Road Stop,24,15,17,2,2,5,2,2,14,23.73,22,37.29,LOW,LOW,3.39,42
AP0818,Hyderabad-Tirupati,Express,Guntur,2024-05-08,63,49,79.33,545.97,446.12,21860.03,108.56,May,Wednesday,14:50,14,0,0,0,0,Rainy,College Road Stop,9,10,49,9,9,5,9,9,53,84.13,60,95.24,HIGH,HIGH,14.29,14
AP0819,Ongole-Hyderabad,Semi-Sleeper,Hyderabad,2024-05-31,63,50,80.14,386.1,319.98,15998.98,73.2,May,Friday,16:05,16,0,0,0,0,Rainy,Market Stop,17,20,50,22,10,6,22,10,54,85.71,59,93.65,HIGH,HIGH,34.92,13
AP0820,Guntur-Hyderabad,Express,Vijayawada,2024-02-23,55,44,80.63,634.09,611.44,26903.43,109.19,February,Friday,12:40,12,0,0,0,0,Clear,Main Road Stop,25,5,44,37,12,3,37,12,53,96.36,51,92.73,HIGH,HIGH,67.27,11
AP0821,Kurnool-Hyderabad,Express,Tirupati,2024-02-11,59,49,84.68,285.89,296.18,14513.03,56.87,February,Sunday,07:30,7,1,1,1,1,Rainy,College Road Stop,28,20,49,38,7,3,38,7,53,89.83,52,88.14,HIGH,HIGH,64.41,10
AP0822,Ongole-Hyderabad,Express,Vijayawada,2024-08-18,59,56,95.45,198.14,278.31,15585.38,52.56,August,Sunday,15:45,15,0,1,0,0,Cloudy,Central Bus Station,10,30,56,18,9,6,18,9,59,100.0,56,94.92,HIGH,HIGH,30.51,3
AP0823,Kurnool-Hyderabad,Volvo AC,Visakhapatnam,2024-12-21,49,23,46.98,285.11,722.99,16628.83,55.2,December,Saturday,12:05,12,0,1,0,0,Cloudy,Main Road Stop,6,15,23,15,12,5,15,12,30,61.22,33,67.35,MODERATE,MODERATE,30.61,26
AP0824,Chittoor-Bangalore,Sleeper,Tirupati,2024-07-19,40,23,58.3,378.41,178.8,4112.39,80.41,July,Friday,17:55,17,1,0,0,0,Clear,Market Stop,24,5,23,15,5,4,15,5,24,60.0,31,77.5,MODERATE,MODERATE,37.5,17
AP0825,Guntur-Hyderabad,Super Luxury,Kurnool,2024-11-23,45,22,50.8,489.97,570.36,12547.89,102.22,November,Saturday,20:35,20,0,1,0,0,Clear,Central Bus Station,22,15,22,18,8,5,18,8,25,55.56,27,60.0,LOW,MODERATE,40.0,23
AP0826,Kadapa-Hyderabad,Sleeper,Hyderabad,2024-05-11,40,36,92.24,347.0,685.02,24660.75,79.6,May,Saturday,06:50,6,0,1,0,0,Cloudy,Market Stop,12,15,36,5,2,2,5,2,36,90.0,30,75.0,HIGH,MODERATE,12.5,4
AP0827,Vijayawada-Tirupati,Volvo AC,Guntur,2024-07-06,49,31,64.21,405.2,1016.84,31522.03,84.87,July,Saturday,15:20,15,0,1,0,0,Clear,City Center Stop,19,15,31,5,5,2,5,5,34,69.39,34,69.39,MODERATE,MODERATE,10.2,18
AP0828,Eluru-Hyderabad,Super Luxury,Hyderabad,2024-08-23,45,36,80.08,228.8,512.9,18464.27,48.07,August,Friday,11:55,11,0,0,0,0,Cloudy,City Center Stop,8,10,36,4,4,4,4,4,36,80.0,40,88.89,HIGH,HIGH,8.89,9
AP0829,Rajahmundry-Hyderabad,Super Luxury,Hyderabad,2024-10-13,45,33,74.13,320.29,491.37,16215.28,75.2,October,Sunday,20:35,20,0,1,0,0,Rainy,City Center Stop,22,20,33,20,7,6,20,7,34,75.56,38,84.44,MODERATE,HIGH,44.44,12
AP0830,Hyderabad-Visakhapatnam,Ordinary,Kurnool,2024-07-14,59,41,70.42,611.97,284.81,11677.06,202.35,July,Sunday,12:05,12,0,1,0,0,Hot,Main Road Stop,23,10,41,12,12,1,12,12,52,88.14,58,98.31,HIGH,HIGH,20.34,18
AP0831,Ongole-Hyderabad,Semi-Sleeper,Tirupati,2024-09-13,59,39,66.58,244.48,113.85,4440.07,51.95,September,Friday,16:55,16,0,0,0,0,Clear,Central Bus Station,11,15,39,13,13,4,13,13,48,81.36,48,81.36,HIGH,HIGH,22.03,20
AP0832,Kurnool-Hyderabad,Sleeper,Hyderabad,2024-08-18,40,34,85.13,369.41,422.56,14367.17,68.74,August,Sunday,15:45,15,0,1,0,0,Hot,College Road Stop,16,15,34,12,4,0,12,4,38,95.0,37,92.5,HIGH,HIGH,30.0,6
AP0833,Kadapa-Hyderabad,Express,Kurnool,2024-04-08,63,55,88.0,535.79,289.44,15919.28,98.71,April,Monday,13:15,13,0,0,0,1,Clear,Market Stop,12,20,55,10,10,2,10,10,63,100.0,63,100.0,HIGH,HIGH,15.87,8
AP0834,Kadapa-Hyderabad,Super Luxury,Nellore,2024-05-11,49,46,93.92,240.38,637.82,29339.87,54.07,May,Saturday,17:30,17,1,1,0,0,Clear,College Road Stop,3,20,46,16,6,3,16,6,49,100.0,45,91.84,HIGH,HIGH,32.65,3
AP0835,Vijayawada-Visakhapatnam,Semi-Sleeper,Vijayawada,2024-08-29,63,47,74.79,425.29,284.53,13372.93,82.47,August,Thursday,18:20,18,1,0,0,0,Rainy,Central Bus Station,6,30,47,18,7,4,18,7,50,79.37,52,82.54,MODERATE,HIGH,28.57,16
AP0836,Hyderabad-Visakhapatnam,Semi-Sleeper,Vijayawada,2024-01-15,55,41,75.75,623.73,164.67,6751.28,142.43,January,Monday,15:30,15,0,0,0,0,Clear,College Road Stop,29,20,41,4,4,4,4,4,41,74.55,43,78.18,MODERATE,MODERATE,7.27,14
AP0837,Vijayawada-Tirupati,Volvo AC,Vijayawada,2024-12-03,49,14,29.75,416.61,1070.2,14982.84,130.78,December,Tuesday,19:55,19,1,0,0,0,Clear,Railway Station Stop,15,20,14,17,9,5,17,9,18,36.73,21,42.86,LOW,LOW,34.69,35
AP0838,Rajahmundry-Hyderabad,Express,Vijayawada,2024-03-08,59,59,100.0,314.49,409.92,24185.19,90.88,March,Friday,22:50,22,0,0,0,0,Clear,City Center Stop,7,30,59,6,4,4,6,4,59,100.0,54,91.53,HIGH,HIGH,10.17,0
AP0839,Kadapa-Hyderabad,Sleeper,Kurnool,2024-12-10,40,21,52.85,222.08,896.58,18828.15,55.31,December,Tuesday,13:10,13,0,0,0,0,Clear,Central Bus Station,4,10,21,15,5,3,15,5,23,57.5,30,75.0,LOW,MODERATE,37.5,19
AP0840,Hyderabad-Tirupati,Express,Vijayawada,2024-03-13,55,43,79.67,521.44,210.72,9061.12,143.79,March,Wednesday,14:55,14,0,0,0,0,Rainy,Market Stop,12,10,43,18,9,4,18,9,48,87.27,55,100.0,HIGH,HIGH,32.73,12
AP0841,Chittoor-Bangalore,Sleeper,Visakhapatnam,2024-04-21,40,19,49.92,229.07,991.26,18833.87,61.43,April,Sunday,05:25,5,0,1,0,0,Clear,City Center Stop,30,15,19,4,4,1,4,4,22,55.0,29,72.5,LOW,MODERATE,10.0,21
AP0842,Hyderabad-Visakhapatnam,Semi-Sleeper,Kurnool,2024-11-26,55,48,88.14,633.17,188.87,9065.52,137.85,November,Tuesday,19:40,19,1,0,0,0,Clear,Market Stop,13,15,48,18,6,3,18,6,51,92.73,51,92.73,HIGH,HIGH,32.73,7
AP0843,Ongole-Hyderabad,Semi-Sleeper,Tirupati,2024-10-11,59,40,69.06,364.29,171.62,6864.76,58.71,October,Friday,14:45,14,0,0,0,0,Cloudy,Railway Station Stop,30,20,40,23,6,3,23,6,43,72.88,40,67.8,MODERATE,MODERATE,38.98,19
AP0844,Hyderabad-Visakhapatnam,Volvo AC,Nellore,2024-09-09,57,56,99.46,594.58,778.84,43615.18,192.99,September,Monday,13:25,13,0,0,0,0,Clear,Central Bus Station,16,5,56,6,1,0,6,1,57,100.0,54,94.74,HIGH,HIGH,10.53,1
AP0845,Hyderabad-Tirupati,Volvo AC,Nellore,2024-01-09,53,45,86.41,567.2,953.5,42907.5,141.46,January,Tuesday,09:25,9,1,0,0,0,Cloudy,College Road Stop,24,5,45,23,11,6,23,11,50,94.34,53,100.0,HIGH,HIGH,43.4,8
AP0846,Ongole-Hyderabad,Semi-Sleeper,Guntur,2024-06-03,59,49,83.99,308.48,266.68,13067.23,85.71,June,Monday,21:25,21,0,0,0,0,Hot,Main Road Stop,24,20,49,13,8,5,13,8,52,88.14,57,96.61,HIGH,HIGH,22.03,10
AP0847,Chittoor-Bangalore,Semi-Sleeper,Nellore,2024-11-19,63,41,65.1,382.0,273.92,11230.53,113.2,November,Tuesday,13:50,13,0,0,0,0,Rainy,Railway Station Stop,3,30,41,21,13,2,21,13,52,82.54,47,74.6,HIGH,MODERATE,33.33,22
AP0848,Anantapur-Bangalore,Sleeper,Guntur,2024-04-15,36,13,37.84,418.96,1006.83,13088.75,86.59,April,Monday,17:20,17,1,0,0,0,Rainy,City Center Stop,3,10,13,24,6,1,24,6,18,50.0,20,55.56,LOW,LOW,66.67,23
AP0849,Kadapa-Hyderabad,Volvo AC,Vijayawada,2024-07-23,49,34,70.97,487.43,404.16,13741.4,121.9,July,Tuesday,10:15,10,0,0,0,0,Clear,Railway Station Stop,28,10,34,9,9,4,9,9,39,79.59,39,79.59,MODERATE,MODERATE,18.37,15
AP0850,Kakinada-Vijayawada,Ordinary,Hyderabad,2024-06-06,63,37,60.25,501.54,237.06,8771.04,104.37,June,Thursday,22:20,22,0,0,1,0,Rainy,Market Stop,29,15,37,18,7,4,18,7,40,63.49,45,71.43,MODERATE,MODERATE,28.57,26
AP0851,Ongole-Hyderabad,Sleeper,Kurnool,2024-11-29,44,43,99.55,449.95,669.43,28785.34,101.47,November,Friday,10:10,10,0,0,1,1,Clear,Main Road Stop,6,15,43,21,6,5,21,6,44,100.0,39,88.64,HIGH,HIGH,47.73,1
AP0852,Anantapur-Bangalore,Sleeper,Hyderabad,2024-04-03,44,26,60.74,524.03,714.9,18587.38,133.3,April,Wednesday,11:20,11,0,0,0,0,Clear,Market Stop,21,5,26,11,6,4,11,6,28,63.64,32,72.73,MODERATE,MODERATE,25.0,18
AP0853,Hyderabad-Vijayawada,Sleeper,Kurnool,2024-09-05,40,28,71.89,265.61,531.14,14872.04,57.54,September,Thursday,20:05,20,0,0,0,1,Cloudy,City Center Stop,28,15,28,9,9,4,9,9,33,82.5,36,90.0,HIGH,HIGH,22.5,12
AP0854,Guntur-Hyderabad,Volvo AC,Visakhapatnam,2024-05-29,53,30,58.42,388.76,719.58,21587.46,101.28,May,Wednesday,21:05,21,0,0,0,0,Clear,Main Road Stop,29,30,30,19,3,2,19,3,31,58.49,38,71.7,LOW,MODERATE,35.85,23
AP0855,Vijayawada-Visakhapatnam,Ordinary,Hyderabad,2024-04-25,63,41,65.78,299.43,273.64,11219.44,55.03,April,Thursday,11:40,11,0,0,0,0,Rainy,Railway Station Stop,11,20,41,20,13,4,20,13,50,79.37,55,87.3,MODERATE,HIGH,31.75,22
AP0856,Kadapa-Hyderabad,Ordinary,Kurnool,2024-01-10,59,48,82.34,244.82,181.31,8703.06,91.05,January,Wednesday,14:00,14,0,0,0,0,Cloudy,Market Stop,25,30,48,6,6,1,6,6,53,89.83,54,91.53,HIGH,HIGH,10.17,11
AP0857,Hyderabad-Vijayawada,Ordinary,Visakhapatnam,2024-12-14,55,54,99.25,264.72,163.44,8825.74,48.31,December,Saturday,18:30,18,1,1,0,0,Hot,Main Road Stop,21,20,54,18,9,8,18,9,55,100.0,48,87.27,HIGH,HIGH,32.73,1
AP0858,Eluru-Hyderabad,Super Luxury,Nellore,2024-01-23,49,31,63.28,386.43,499.78,15493.17,107.65,January,Tuesday,20:45,20,0,0,0,0,Clear,College Road Stop,28,30,31,11,11,5,11,11,37,75.51,43,87.76,MODERATE,HIGH,22.45,18
AP0859,Kurnool-Hyderabad,Super Luxury,Guntur,2024-10-26,49,30,62.25,333.96,712.54,21376.13,51.37,October,Saturday,13:40,13,0,1,0,0,Clear,Market Stop,7,10,30,5,5,3,5,5,32,65.31,34,69.39,MODERATE,MODERATE,10.2,19
AP0860,Ongole-Hyderabad,Volvo AC,Hyderabad,2024-05-19,53,45,86.71,216.42,678.38,30527.1,34.86,May,Sunday,14:25,14,0,1,0,0,Cloudy,Main Road Stop,19,5,45,1,1,6,1,1,40,75.47,44,83.02,MODERATE,HIGH,1.89,8
AP0861,Ongole-Hyderabad,Express,Kurnool,2024-11-15,55,22,40.28,300.8,569.83,12536.24,54.08,November,Friday,18:10,18,1,0,0,0,Clear,Railway Station Stop,3,5,22,16,10,3,16,10,29,52.73,32,58.18,LOW,LOW,29.09,33
AP0862,Rajahmundry-Hyderabad,Semi-Sleeper,Vijayawada,2024-11-23,55,46,84.58,310.75,236.19,10864.72,65.36,November,Saturday,18:55,18,1,1,1,0,Clear,College Road Stop,13,30,46,22,14,6,22,14,54,98.18,55,100.0,HIGH,HIGH,40.0,9
AP0863,Vijayawada-Tirupati,Sleeper,Hyderabad,2024-01-14,40,30,75.5,449.49,694.74,20842.23,101.57,January,Sunday,19:50,19,1,1,0,0,Cloudy,City Center Stop,3,20,30,11,5,4,11,5,31,77.5,33,82.5,MODERATE,HIGH,27.5,10
AP0864,Ongole-Hyderabad,Ordinary,Vijayawada,2024-12-04,59,46,78.46,271.7,411.45,18926.52,43.98,December,Wednesday,15:35,15,0,0,0,0,Hot,Railway Station Stop,15,10,46,13,13,3,13,13,56,94.92,51,86.44,HIGH,HIGH,22.03,13
AP0865,Nellore-Chennai,Express,Vijayawada,2024-07-10,55,28,52.51,332.53,365.59,10236.62,73.57,July,Wednesday,09:05,9,1,0,0,0,Cloudy,Railway Station Stop,25,30,28,27,9,6,27,9,31,56.36,36,65.45,LOW,MODERATE,49.09,27
AP0866,Vijayawada-Visakhapatnam,Sleeper,Tirupati,2024-03-13,40,40,100.0,294.68,820.75,32829.82,68.58,March,Wednesday,21:00,21,0,0,0,0,Clear,College Road Stop,21,10,40,17,5,5,17,5,40,100.0,40,100.0,HIGH,HIGH,42.5,0
AP0867,Vijayawada-Visakhapatnam,Volvo AC,Hyderabad,2024-10-20,57,24,42.31,441.09,732.03,17568.74,107.25,October,Sunday,20:15,20,0,1,0,0,Clear,Main Road Stop,11,15,24,11,5,2,11,5,27,47.37,28,49.12,LOW,LOW,19.3,33
AP0868,Kurnool-Hyderabad,Ordinary,Kurnool,2024-10-21,63,51,81.88,398.62,259.07,13212.65,94.02,October,Monday,19:05,19,1,0,0,0,Cloudy,Main Road Stop,14,10,51,9,7,8,9,7,50,79.37,54,85.71,MODERATE,HIGH,14.29,12
AP0869,Chittoor-Bangalore,Semi-Sleeper,Guntur,2024-11-27,63,47,75.37,393.32,236.48,11114.61,96.2,November,Wednesday,09:50,9,1,0,0,0,Clear,Market Stop,13,5,47,24,2,4,24,2,45,71.43,38,60.32,MODERATE,MODERATE,38.1,16
AP0870,Vijayawada-Visakhapatnam,Ordinary,Nellore,2024-08-05,63,60,95.33,345.37,302.76,18165.75,60.13,August,Monday,11:10,11,0,0,0,0,Clear,Railway Station Stop,23,10,60,13,3,0,13,3,63,100.0,59,93.65,HIGH,HIGH,20.63,3
AP0871,Ongole-Hyderabad,Ordinary,Kurnool,2024-03-12,63,36,57.24,381.92,175.08,6303.04,82.02,March,Tuesday,18:15,18,1,0,0,0,Clear,Railway Station Stop,10,10,36,23,7,2,23,7,41,65.08,43,68.25,MODERATE,MODERATE,36.51,27
AP0872,Guntur-Hyderabad,Semi-Sleeper,Nellore,2024-06-11,55,50,92.68,275.95,303.71,15185.59,53.15,June,Tuesday,06:55,6,0,0,0,1,Clear,Central Bus Station,5,15,50,29,5,4,29,5,51,92.73,53,96.36,HIGH,HIGH,52.73,5
AP0873,Eluru-Hyderabad,Semi-Sleeper,Kurnool,2024-03-18,63,37,59.88,318.05,416.78,15420.75,64.46,March,Monday,22:45,22,0,0,0,0,Clear,College Road Stop,17,5,37,7,7,6,7,7,38,60.32,39,61.9,MODERATE,MODERATE,11.11,26
AP0874,Hyderabad-Tirupati,Super Luxury,Kurnool,2024-07-28,45,31,69.04,544.08,310.53,9626.52,118.16,July,Sunday,13:10,13,0,1,0,0,Clear,Market Stop,26,10,31,0,0,1,0,0,30,66.67,29,64.44,MODERATE,MODERATE,0.0,14
AP0875,Chittoor-Bangalore,Sleeper,Nellore,2024-12-13,36,13,37.31,336.91,1068.75,13893.8,62.36,December,Friday,18:20,18,1,0,0,0,Cloudy,City Center Stop,16,15,13,14,6,7,14,6,12,33.33,20,55.56,LOW,LOW,38.89,23
AP0876,Kakinada-Vijayawada,Sleeper,Guntur,2024-01-26,36,29,81.24,310.91,607.54,17618.72,66.24,January,Friday,21:30,21,0,0,0,0,Clear,College Road Stop,8,10,29,15,7,7,15,7,29,80.56,34,94.44,HIGH,HIGH,41.67,7
AP0877,Kadapa-Hyderabad,Volvo AC,Kurnool,2024-07-14,53,44,84.88,309.59,658.96,28994.4,80.15,July,Sunday,13:35,13,0,1,0,1,Cloudy,City Center Stop,4,20,44,17,9,5,17,9,48,90.57,49,92.45,HIGH,HIGH,32.08,9
AP0878,Kakinada-Vijayawada,Ordinary,Nellore,2024-04-08,55,31,57.69,599.74,145.57,4512.71,132.19,April,Monday,12:55,12,0,0,0,0,Clear,Railway Station Stop,29,20,31,5,5,5,5,5,31,56.36,43,78.18,LOW,MODERATE,9.09,24
AP0879,Anantapur-Bangalore,Ordinary,Vijayawada,2024-06-13,63,38,60.4,317.33,144.48,5490.34,64.41,June,Thursday,16:50,16,0,0,0,0,Rainy,Railway Station Stop,24,30,38,5,5,1,5,5,42,66.67,35,55.56,MODERATE,LOW,7.94,25
AP0880,Hyderabad-Tirupati,Semi-Sleeper,Vijayawada,2024-06-17,63,60,95.31,524.83,312.86,18771.56,115.64,June,Monday,15:55,15,0,0,0,0,Clear,Main Road Stop,7,30,60,10,8,5,10,8,63,100.0,54,85.71,HIGH,HIGH,15.87,3
AP0881,Hyderabad-Tirupati,Semi-Sleeper,Guntur,2024-01-23,63,33,52.59,565.86,204.86,6760.52,128.35,January,Tuesday,13:00,13,0,0,0,0,Clear,Market Stop,5,10,33,5,5,0,5,5,38,60.32,44,69.84,MODERATE,MODERATE,7.94,30
AP0882,Kadapa-Hyderabad,Semi-Sleeper,Kurnool,2024-02-16,55,42,77.89,378.54,228.29,9587.98,82.08,February,Friday,15:10,15,0,0,0,0,Clear,City Center Stop,6,20,42,15,5,2,15,5,45,81.82,43,78.18,HIGH,MODERATE,27.27,13
AP0883,Rajahmundry-Hyderabad,Semi-Sleeper,Guntur,2024-08-21,59,37,63.82,412.09,218.01,8066.3,99.04,August,Wednesday,21:30,21,0,0,0,0,Clear,Market Stop,13,20,37,10,7,5,10,7,39,66.1,41,69.49,MODERATE,MODERATE,16.95,22
AP0884,Vijayawada-Visakhapatnam,Ordinary,Kurnool,2024-11-24,55,11,21.17,290.92,311.0,3420.95,65.52,November,Sunday,14:00,14,0,1,1,0,Clear,Central Bus Station,25,15,11,12,10,6,12,10,15,27.27,20,36.36,LOW,LOW,21.82,44
AP0885,Anantapur-Bangalore,Volvo AC,Tirupati,2024-01-24,53,23,44.12,272.65,887.07,20402.52,45.3,January,Wednesday,11:20,11,0,0,1,0,Rainy,Main Road Stop,7,20,23,13,10,3,13,10,30,56.6,29,54.72,LOW,LOW,24.53,30
AP0886,Ongole-Hyderabad,Volvo AC,Vijayawada,2024-10-08,53,44,83.1,435.67,979.98,43119.22,90.42,October,Tuesday,13:05,13,0,0,0,0,Hot,Railway Station Stop,25,5,44,14,7,4,14,7,47,88.68,49,92.45,HIGH,HIGH,26.42,9
AP0887,Hyderabad-Vijayawada,Volvo AC,Guntur,2024-03-02,53,37,71.69,270.72,1045.87,38697.33,54.0,March,Saturday,13:55,13,0,1,0,0,Clear,Railway Station Stop,3,10,37,12,10,4,12,10,43,81.13,44,83.02,HIGH,HIGH,22.64,16
AP0888,Hyderabad-Vijayawada,Volvo AC,Nellore,2024-05-07,49,44,91.23,268.28,668.0,29392.21,76.04,May,Tuesday,10:00,10,0,0,1,0,Clear,City Center Stop,23,30,44,17,5,1,17,5,48,97.96,42,85.71,HIGH,HIGH,34.69,5
AP0889,Eluru-Hyderabad,Express,Guntur,2024-08-26,55,36,66.59,371.28,420.94,15153.84,87.71,August,Monday,10:05,10,0,0,0,0,Cloudy,City Center Stop,10,30,36,13,5,4,13,5,37,67.27,40,72.73,MODERATE,MODERATE,23.64,19
AP0890,Hyderabad-Vijayawada,Semi-Sleeper,Hyderabad,2024-09-24,59,48,82.84,276.14,150.34,7216.35,55.25,September,Tuesday,17:10,17,1,0,0,0,Cloudy,Railway Station Stop,29,5,48,20,7,1,20,7,54,91.53,53,89.83,HIGH,HIGH,33.9,11
AP0891,Vijayawada-Tirupati,Semi-Sleeper,Hyderabad,2024-01-02,59,28,48.82,123.05,264.66,7410.4,28.4,January,Tuesday,12:05,12,0,0,0,0,Clear,Railway Station Stop,16,15,28,6,6,3,6,6,31,52.54,35,59.32,LOW,LOW,10.17,31
AP0892,Rajahmundry-Hyderabad,Ordinary,Tirupati,2024-06-26,55,29,53.23,298.13,179.09,5193.64,57.53,June,Wednesday,22:30,22,0,0,0,0,Rainy,College Road Stop,10,10,29,10,8,3,10,8,34,61.82,41,74.55,MODERATE,MODERATE,18.18,26
AP0893,Vijayawada-Tirupati,Semi-Sleeper,Vijayawada,2024-08-13,63,41,65.15,357.81,100.0,4100.0,74.91,August,Tuesday,11:20,11,0,0,0,0,Clear,Central Bus Station,9,5,41,10,7,3,10,7,45,71.43,59,93.65,MODERATE,HIGH,15.87,22
AP0894,Hyderabad-Vijayawada,Ordinary,Kurnool,2024-08-01,55,29,54.35,283.62,294.35,8536.13,69.66,August,Thursday,09:50,9,1,0,1,1,Cloudy,Railway Station Stop,26,5,29,41,13,5,41,13,37,67.27,42,76.36,MODERATE,MODERATE,74.55,26
AP0895,Kakinada-Vijayawada,Sleeper,Vijayawada,2024-08-24,44,24,55.67,395.21,640.54,15372.94,93.76,August,Saturday,18:15,18,1,1,0,0,Clear,Market Stop,14,15,24,12,7,7,12,7,24,54.55,22,50.0,LOW,LOW,27.27,20
AP0896,Hyderabad-Tirupati,Sleeper,Guntur,2024-04-28,44,28,64.73,582.24,478.14,13388.0,128.57,April,Sunday,20:30,20,0,1,0,0,Clear,College Road Stop,12,20,28,9,9,2,9,9,35,79.55,41,93.18,MODERATE,HIGH,20.45,16
AP0897,Eluru-Hyderabad,Ordinary,Guntur,2024-02-04,63,57,90.63,550.95,372.36,21224.48,107.5,February,Sunday,12:35,12,0,1,0,1,Clear,College Road Stop,23,15,57,18,6,1,18,6,62,98.41,62,98.41,HIGH,HIGH,28.57,6
AP0898,Vijayawada-Visakhapatnam,Sleeper,Vijayawada,2024-12-21,36,17,49.38,387.88,740.31,12585.19,76.71,December,Saturday,11:35,11,0,1,0,0,Rainy,Railway Station Stop,18,10,17,12,5,6,12,5,16,44.44,17,47.22,LOW,LOW,33.33,19
AP0899,Anantapur-Bangalore,Sleeper,Vijayawada,2024-01-02,36,19,52.78,354.8,285.24,5419.6,65.32,January,Tuesday,11:45,11,0,0,0,0,Clear,Railway Station Stop,21,20,19,18,8,5,18,8,22,61.11,31,86.11,MODERATE,HIGH,50.0,17
AP0900,Kakinada-Vijayawada,Volvo AC,Visakhapatnam,2024-05-20,49,22,46.86,355.32,457.93,10074.56,92.45,May,Monday,14:10,14,0,0,0,0,Rainy,College Road Stop,15,20,22,12,7,4,12,7,25,51.02,21,42.86,LOW,LOW,24.49,27
AP0901,Hyderabad-Tirupati,Ordinary,Visakhapatnam,2024-08-29,59,41,71.02,556.78,150.01,6150.59,102.57,August,Thursday,14:30,14,0,0,0,1,Rainy,Railway Station Stop,4,30,41,18,6,3,18,6,44,74.58,53,89.83,MODERATE,HIGH,30.51,18
AP0902,Anantapur-Bangalore,Ordinary,Kurnool,2024-07-24,55,22,41.07,385.07,398.9,8775.81,109.89,July,Wednesday,12:45,12,0,0,0,0,Cloudy,Main Road Stop,3,10,22,17,16,3,17,16,35,63.64,41,74.55,MODERATE,MODERATE,30.91,33
AP0903,Chittoor-Bangalore,Sleeper,Visakhapatnam,2024-02-19,40,25,64.42,239.68,652.7,16317.48,46.48,February,Monday,07:50,7,1,0,0,0,Clear,Main Road Stop,4,10,25,31,9,5,31,9,29,72.5,30,75.0,MODERATE,MODERATE,77.5,15
AP0904,Hyderabad-Vijayawada,Volvo AC,Nellore,2024-11-09,57,14,25.56,284.93,894.22,12519.07,78.81,November,Saturday,14:35,14,0,1,0,0,Clear,College Road Stop,19,15,14,20,9,4,20,9,19,33.33,20,35.09,LOW,LOW,35.09,43
AP0905,Nellore-Chennai,Ordinary,Hyderabad,2024-01-21,55,23,43.04,422.1,239.06,5498.29,103.87,January,Sunday,22:35,22,0,1,0,0,Clear,Railway Station Stop,17,15,23,11,7,3,11,7,27,49.09,36,65.45,LOW,MODERATE,20.0,32
AP0906,Vijayawada-Visakhapatnam,Express,Visakhapatnam,2024-03-08,59,28,48.69,248.79,307.85,8619.94,40.28,March,Friday,16:50,16,0,0,0,0,Cloudy,Main Road Stop,23,15,28,12,6,8,12,6,26,44.07,31,52.54,LOW,LOW,20.34,31
AP0907,Kakinada-Vijayawada,Volvo AC,Guntur,2024-06-23,57,21,36.93,319.9,835.64,17548.37,80.08,June,Sunday,14:35,14,0,1,0,0,Hot,City Center Stop,28,30,21,12,11,2,12,11,30,52.63,25,43.86,LOW,LOW,21.05,36
AP0908,Kakinada-Vijayawada,Express,Hyderabad,2024-03-07,63,35,56.42,388.1,262.48,9186.71,81.15,March,Thursday,09:55,9,1,0,0,0,Clear,City Center Stop,7,5,35,21,3,4,21,3,34,53.97,36,57.14,LOW,LOW,33.33,28
AP0909,Vijayawada-Tirupati,Super Luxury,Guntur,2024-06-24,45,28,63.2,386.04,616.06,17249.65,102.36,June,Monday,12:05,12,0,0,0,0,Rainy,Railway Station Stop,29,15,28,9,5,0,9,5,33,73.33,39,86.67,MODERATE,HIGH,20.0,17
AP0910,Hyderabad-Tirupati,Sleeper,Hyderabad,2024-05-01,44,24,55.98,553.02,841.11,20186.74,124.97,May,Wednesday,12:20,12,0,0,0,0,Clear,Main Road Stop,29,15,24,18,7,6,18,7,25,56.82,29,65.91,LOW,MODERATE,40.91,20
AP0911,Hyderabad-Tirupati,Semi-Sleeper,Visakhapatnam,2024-05-21,55,55,100.0,558.65,131.7,7243.38,104.18,May,Tuesday,19:05,19,1,0,0,0,Clear,City Center Stop,20,10,55,21,5,5,21,5,55,100.0,52,94.55,HIGH,HIGH,38.18,0
AP0912,Chittoor-Bangalore,Ordinary,Guntur,2024-10-11,63,39,62.05,192.88,257.44,10040.18,35.95,October,Friday,20:05,20,0,0,0,0,Clear,Main Road Stop,17,20,39,12,7,1,12,7,45,71.43,50,79.37,MODERATE,MODERATE,19.05,24
AP0913,Vijayawada-Tirupati,Semi-Sleeper,Nellore,2024-03-14,59,48,81.84,429.62,253.0,12144.16,88.44,March,Thursday,21:25,21,0,0,0,0,Cloudy,Market Stop,7,30,48,4,4,5,4,4,47,79.66,51,86.44,MODERATE,HIGH,6.78,11
AP0914,Rajahmundry-Hyderabad,Sleeper,Visakhapatnam,2024-09-04,36,28,78.17,517.13,629.34,17621.49,136.85,September,Wednesday,22:10,22,0,0,0,1,Clear,City Center Stop,7,15,28,17,8,2,17,8,34,94.44,32,88.89,HIGH,HIGH,47.22,8
AP0915,Vijayawada-Tirupati,Super Luxury,Guntur,2024-04-05,49,30,61.87,260.61,582.14,17464.11,52.97,April,Friday,22:20,22,0,0,0,0,Clear,Railway Station Stop,3,5,30,1,1,5,1,1,26,53.06,29,59.18,LOW,LOW,2.04,19
AP0916,Nellore-Chennai,Sleeper,Nellore,2024-04-30,36,21,60.22,400.59,900.1,18902.09,65.75,April,Tuesday,22:25,22,0,0,0,0,Rainy,Main Road Stop,21,5,21,11,3,5,11,3,19,52.78,21,58.33,LOW,LOW,30.56,15
AP0917,Vijayawada-Tirupati,Semi-Sleeper,Vijayawada,2024-10-15,63,24,38.43,449.57,306.99,7367.72,140.14,October,Tuesday,08:35,8,1,0,0,0,Clear,Central Bus Station,15,15,24,17,10,6,17,10,28,44.44,29,46.03,LOW,LOW,26.98,39
AP0918,Nellore-Chennai,Volvo AC,Guntur,2024-02-11,53,31,59.85,468.1,913.0,28302.91,97.06,February,Sunday,10:55,10,0,1,0,0,Clear,Market Stop,8,20,31,14,7,4,14,7,34,64.15,45,84.91,MODERATE,HIGH,26.42,22
AP0919,Chittoor-Bangalore,Ordinary,Vijayawada,2024-08-29,59,48,81.64,639.17,196.54,9433.72,135.34,August,Thursday,12:50,12,0,0,0,1,Clear,College Road Stop,6,10,48,28,11,3,28,11,56,94.92,58,98.31,HIGH,HIGH,47.46,11
AP0920,Ongole-Hyderabad,Sleeper,Visakhapatnam,2024-05-06,36,32,89.2,217.91,527.63,16884.04,42.58,May,Monday,15:20,15,0,0,0,0,Clear,College Road Stop,4,10,32,15,6,5,15,6,33,91.67,32,88.89,HIGH,HIGH,41.67,4
AP0921,Vijayawada-Tirupati,Super Luxury,Hyderabad,2024-10-24,45,13,29.11,289.89,600.17,7802.16,53.36,October,Thursday,09:15,9,1,0,0,0,Clear,Main Road Stop,20,30,13,29,8,6,29,8,15,33.33,18,40.0,LOW,LOW,64.44,32
AP0922,Vijayawada-Tirupati,Ordinary,Hyderabad,2024-03-29,59,35,60.51,345.1,260.93,9132.47,69.84,March,Friday,20:45,20,0,0,0,0,Clear,Central Bus Station,22,5,35,16,8,5,16,8,38,64.41,42,71.19,MODERATE,MODERATE,27.12,24
AP0923,Guntur-Hyderabad,Volvo AC,Kurnool,2024-09-20,53,41,78.44,523.44,625.7,25653.64,140.72,September,Friday,16:05,16,0,0,0,0,Cloudy,College Road Stop,20,5,41,19,5,6,19,5,40,75.47,34,64.15,MODERATE,MODERATE,35.85,12
AP0924,Hyderabad-Vijayawada,Sleeper,Guntur,2024-04-19,40,40,100.0,293.86,785.55,31421.99,62.12,April,Friday,14:30,14,0,0,0,0,Clear,Central Bus Station,6,5,40,23,3,3,23,3,40,100.0,35,87.5,HIGH,HIGH,57.5,0
AP0925,Hyderabad-Tirupati,Sleeper,Nellore,2024-09-26,44,44,100.0,567.15,700.45,30819.82,204.23,September,Thursday,10:25,10,0,0,0,0,Cloudy,Central Bus Station,4,30,44,8,5,5,8,5,44,100.0,41,93.18,HIGH,HIGH,18.18,0
AP0926,Hyderabad-Vijayawada,Express,Kurnool,2024-09-21,55,39,71.85,260.02,630.52,24590.14,44.84,September,Saturday,12:10,12,0,1,0,0,Clear,Market Stop,5,15,39,7,7,4,7,7,42,76.36,33,60.0,MODERATE,MODERATE,12.73,16
AP0927,Rajahmundry-Hyderabad,Ordinary,Visakhapatnam,2024-07-22,59,47,80.89,388.99,409.31,19237.55,71.58,July,Monday,10:35,10,0,0,0,0,Clear,Railway Station Stop,24,5,47,16,6,4,16,6,49,83.05,49,83.05,HIGH,HIGH,27.12,12
AP0928,Guntur-Hyderabad,Ordinary,Nellore,2024-04-04,59,54,92.6,250.17,211.99,11447.36,50.9,April,Thursday,20:15,20,0,0,0,0,Clear,Main Road Stop,23,10,54,12,7,6,12,7,55,93.22,58,98.31,HIGH,HIGH,20.34,5
AP0929,Hyderabad-Vijayawada,Express,Guntur,2024-08-22,63,52,83.39,258.29,297.47,15468.26,64.65,August,Thursday,15:10,15,0,0,0,0,Clear,Main Road Stop,11,30,52,13,2,6,13,2,48,76.19,53,84.13,MODERATE,HIGH,20.63,11
AP0930,Vijayawada-Tirupati,Ordinary,Kurnool,2024-03-04,55,32,59.34,464.01,204.92,6557.49,121.14,March,Monday,18:35,18,1,0,0,0,Clear,Main Road Stop,4,20,32,19,7,6,19,7,33,60.0,35,63.64,MODERATE,MODERATE,34.55,23
AP0931,Anantapur-Bangalore,Ordinary,Guntur,2024-08-01,55,45,81.88,264.51,265.97,11968.6,47.85,August,Thursday,12:10,12,0,0,0,0,Clear,Market Stop,11,10,45,8,8,5,8,8,48,87.27,47,85.45,HIGH,HIGH,14.55,10
AP0932,Hyderabad-Visakhapatnam,Volvo AC,Hyderabad,2024-02-25,57,41,72.98,599.44,981.01,40221.55,131.15,February,Sunday,13:40,13,0,1,0,0,Hot,Central Bus Station,25,10,41,22,10,5,22,10,46,80.7,45,78.95,HIGH,MODERATE,38.6,16
AP0933,Hyderabad-Visakhapatnam,Semi-Sleeper,Visakhapatnam,2024-04-07,59,34,59.14,570.69,262.99,8941.6,141.6,April,Sunday,13:05,13,0,1,0,0,Rainy,Central Bus Station,7,5,34,7,7,8,7,7,33,55.93,40,67.8,LOW,MODERATE,11.86,25
AP0934,Kurnool-Hyderabad,Sleeper,Guntur,2024-09-14,40,37,94.31,288.4,826.89,30594.95,78.35,September,Saturday,19:25,19,1,1,0,0,Clear,Market Stop,25,20,37,24,7,4,24,7,40,100.0,36,90.0,HIGH,HIGH,60.0,3
AP0935,Nellore-Chennai,Express,Guntur,2024-04-04,63,49,78.96,297.94,416.82,20424.22,60.64,April,Thursday,19:45,19,1,0,0,1,Cloudy,Central Bus Station,15,5,49,28,6,5,28,6,50,79.37,49,77.78,MODERATE,MODERATE,44.44,14
AP0936,Kadapa-Hyderabad,Ordinary,Visakhapatnam,2024-03-13,63,54,85.76,350.2,287.08,15502.56,61.16,March,Wednesday,11:10,11,0,0,0,0,Cloudy,Main Road Stop,6,10,54,3,3,4,3,3,53,84.13,60,95.24,HIGH,HIGH,4.76,9
AP0937,Guntur-Hyderabad,Ordinary,Visakhapatnam,2024-02-16,55,49,90.3,468.39,360.17,17648.55,118.69,February,Friday,21:45,21,0,0,0,0,Rainy,Railway Station Stop,29,10,49,9,8,2,9,8,55,100.0,52,94.55,HIGH,HIGH,16.36,6
AP0938,Ongole-Hyderabad,Super Luxury,Vijayawada,2024-09-13,53,44,83.97,164.64,996.3,43837.28,35.32,September,Friday,09:40,9,1,0,0,0,Clear,Central Bus Station,17,20,44,16,8,2,16,8,50,94.34,47,88.68,HIGH,HIGH,30.19,9
AP0939,Kurnool-Hyderabad,Super Luxury,Visakhapatnam,2024-11-26,53,44,84.05,368.01,948.15,41718.63,85.95,November,Tuesday,21:50,21,0,0,0,1,Clear,Railway Station Stop,21,20,44,20,16,7,20,16,53,100.0,51,96.23,HIGH,HIGH,37.74,9
AP0940,Anantapur-Bangalore,Ordinary,Tirupati,2024-09-15,59,29,50.05,285.56,319.37,9261.87,58.97,September,Sunday,09:10,9,1,1,0,0,Clear,Railway Station Stop,5,20,29,18,6,9,18,6,26,44.07,35,59.32,LOW,LOW,30.51,30
AP0941,Vijayawada-Visakhapatnam,Super Luxury,Nellore,2024-03-24,45,17,38.67,242.79,583.67,9922.45,43.81,March,Sunday,12:40,12,0,1,0,0,Clear,Railway Station Stop,13,10,17,11,4,4,11,4,17,37.78,15,33.33,LOW,LOW,24.44,28
AP0942,Kadapa-Hyderabad,Ordinary,Guntur,2024-12-04,59,55,94.2,448.07,309.11,17000.82,89.31,December,Wednesday,20:55,20,0,0,0,0,Clear,Railway Station Stop,20,10,55,3,3,5,3,3,53,89.83,55,93.22,HIGH,HIGH,5.08,4
AP0943,Eluru-Hyderabad,Semi-Sleeper,Tirupati,2024-11-11,55,41,74.78,340.49,221.71,9089.96,80.43,November,Monday,10:45,10,0,0,0,1,Rainy,College Road Stop,21,10,41,33,7,4,33,7,44,80.0,45,81.82,HIGH,HIGH,60.0,14
AP0944,Ongole-Hyderabad,Semi-Sleeper,Vijayawada,2024-01-22,59,43,74.39,228.63,271.14,11659.04,54.16,January,Monday,13:10,13,0,0,0,0,Hot,Central Bus Station,4,5,43,12,12,8,12,12,47,79.66,56,94.92,MODERATE,HIGH,20.34,16
AP0945,Kadapa-Hyderabad,Express,Kurnool,2024-03-26,63,39,61.93,487.84,383.73,14965.46,111.74,March,Tuesday,13:45,13,0,0,0,0,Clear,Main Road Stop,19,20,39,15,7,4,15,7,42,66.67,44,69.84,MODERATE,MODERATE,23.81,24
AP0946,Vijayawada-Visakhapatnam,Super Luxury,Hyderabad,2024-01-24,53,34,64.56,406.75,705.93,24001.78,70.24,January,Wednesday,11:05,11,0,0,0,0,Clear,Main Road Stop,29,15,34,9,5,3,9,5,36,67.92,43,81.13,MODERATE,HIGH,16.98,19
AP0947,Chittoor-Bangalore,Sleeper,Vijayawada,2024-09-05,36,7,20.0,454.1,530.53,3713.74,130.2,September,Thursday,18:35,18,1,0,1,0,Clear,College Road Stop,25,15,7,20,5,7,20,5,5,13.89,7,19.44,LOW,LOW,55.56,29
AP0948,Chittoor-Bangalore,Ordinary,Tirupati,2024-12-10,55,21,39.38,537.88,233.44,4902.27,105.96,December,Tuesday,20:25,20,0,0,0,0,Clear,City Center Stop,8,30,21,23,11,5,23,11,27,49.09,34,61.82,LOW,MODERATE,41.82,34
AP0949,Kadapa-Hyderabad,Express,Kurnool,2024-02-26,55,41,75.54,503.03,370.52,15191.39,129.73,February,Monday,20:30,20,0,0,0,0,Cloudy,City Center Stop,28,5,41,0,0,4,0,0,37,67.27,36,65.45,MODERATE,MODERATE,0.0,14
AP0950,Kurnool-Hyderabad,Ordinary,Vijayawada,2024-01-29,55,29,53.17,216.1,184.71,5356.52,39.41,January,Monday,12:30,12,0,0,0,0,Clear,Railway Station Stop,22,30,29,14,7,6,14,7,30,54.55,31,56.36,LOW,LOW,25.45,26
AP0951,Guntur-Hyderabad,Ordinary,Guntur,2024-06-11,63,35,56.39,420.26,156.28,5469.79,75.39,June,Tuesday,14:00,14,0,0,0,0,Rainy,Market Stop,4,20,35,7,2,3,7,2,34,53.97,38,60.32,LOW,MODERATE,11.11,28
AP0952,Kadapa-Hyderabad,Sleeper,Vijayawada,2024-01-07,36,26,74.31,212.04,612.83,15933.67,40.65,January,Sunday,11:30,11,0,1,0,0,Hot,Market Stop,6,10,26,10,5,7,10,5,24,66.67,26,72.22,MODERATE,MODERATE,27.78,10
AP0953,Ongole-Hyderabad,Super Luxury,Kurnool,2024-11-03,45,45,100.0,539.22,799.14,35961.4,142.16,November,Sunday,11:55,11,0,1,0,1,Cloudy,Central Bus Station,28,20,45,13,4,4,13,4,45,100.0,44,97.78,HIGH,HIGH,28.89,0
AP0954,Rajahmundry-Hyderabad,Super Luxury,Tirupati,2024-12-22,53,32,61.94,278.26,484.05,15489.46,65.87,December,Sunday,10:25,10,0,1,0,1,Cloudy,Market Stop,8,20,32,11,10,3,11,10,39,73.58,44,83.02,MODERATE,HIGH,20.75,21
AP0955,Eluru-Hyderabad,Volvo AC,Tirupati,2024-11-11,57,48,84.62,302.07,712.08,34180.03,90.97,November,Monday,21:15,21,0,0,0,0,Clear,Railway Station Stop,5,10,48,12,8,3,12,8,53,92.98,54,94.74,HIGH,HIGH,21.05,9
AP0956,Hyderabad-Visakhapatnam,Ordinary,Hyderabad,2024-08-13,59,30,51.53,571.21,257.39,7721.7,109.6,August,Tuesday,21:55,21,0,0,0,0,Clear,Main Road Stop,15,10,30,0,0,6,0,0,24,40.68,29,49.15,LOW,LOW,0.0,29
AP0957,Kurnool-Hyderabad,Express,Kurnool,2024-11-19,63,45,72.69,323.99,513.59,23111.77,93.66,November,Tuesday,19:05,19,1,0,0,0,Clear,College Road Stop,17,30,45,18,14,5,18,14,54,85.71,61,96.83,HIGH,HIGH,28.57,18
AP0958,Rajahmundry-Hyderabad,Volvo AC,Vijayawada,2024-07-24,57,45,80.44,509.14,1215.68,54705.73,97.89,July,Wednesday,14:25,14,0,0,0,0,Cloudy,College Road Stop,19,5,45,11,8,1,11,8,52,91.23,51,89.47,HIGH,HIGH,19.3,12
AP0959,Rajahmundry-Hyderabad,Semi-Sleeper,Visakhapatnam,2024-09-12,59,43,73.48,439.58,191.83,8248.78,90.13,September,Thursday,14:30,14,0,0,0,1,Clear,Main Road Stop,21,5,43,9,8,6,9,8,45,76.27,47,79.66,MODERATE,MODERATE,15.25,16
AP0960,Hyderabad-Tirupati,Semi-Sleeper,Vijayawada,2024-06-13,63,37,58.85,551.15,336.64,12455.68,100.11,June,Thursday,14:25,14,0,0,0,0,Rainy,City Center Stop,30,20,37,23,6,4,23,6,39,61.9,42,66.67,MODERATE,MODERATE,36.51,26
AP0961,Hyderabad-Visakhapatnam,Express,Nellore,2024-08-21,63,43,69.34,577.53,348.96,15005.1,146.59,August,Wednesday,14:55,14,0,0,0,0,Clear,Central Bus Station,24,30,43,8,7,3,8,7,47,74.6,48,76.19,MODERATE,MODERATE,12.7,20
AP0962,Kadapa-Hyderabad,Volvo AC,Hyderabad,2024-03-04,57,33,58.54,428.92,689.55,22755.08,133.23,March,Monday,13:25,13,0,0,0,0,Clear,City Center Stop,3,15,33,11,4,3,11,4,34,59.65,27,47.37,LOW,LOW,19.3,24
AP0963,Anantapur-Bangalore,Ordinary,Visakhapatnam,2024-01-04,55,36,65.78,233.79,327.42,11786.99,40.55,January,Thursday,10:55,10,0,0,0,1,Clear,College Road Stop,5,5,36,13,4,4,13,4,36,65.45,31,56.36,MODERATE,LOW,23.64,19
AP0964,Rajahmundry-Hyderabad,Volvo AC,Kurnool,2024-07-23,49,31,65.1,629.9,787.35,24407.7,127.54,July,Tuesday,09:00,9,1,0,0,0,Hot,Main Road Stop,3,15,31,20,3,3,20,3,31,63.27,40,81.63,MODERATE,HIGH,40.82,18
AP0965,Guntur-Hyderabad,Super Luxury,Nellore,2024-09-03,49,29,61.09,351.22,359.22,10417.31,99.14,September,Tuesday,22:40,22,0,0,0,0,Clear,Railway Station Stop,14,10,29,20,11,3,20,11,37,75.51,40,81.63,MODERATE,HIGH,40.82,20
AP0966,Hyderabad-Tirupati,Volvo AC,Guntur,2024-01-21,49,36,74.52,548.8,1039.86,37434.96,117.15,January,Sunday,14:35,14,0,1,0,0,Clear,Main Road Stop,12,30,36,27,3,5,27,3,34,69.39,40,81.63,MODERATE,HIGH,55.1,13
AP0967,Vijayawada-Visakhapatnam,Super Luxury,Vijayawada,2024-10-29,53,24,46.46,304.35,763.03,18312.82,55.06,October,Tuesday,22:10,22,0,0,0,0,Clear,College Road Stop,29,20,24,16,14,2,16,14,36,67.92,45,84.91,MODERATE,HIGH,30.19,29
AP0968,Anantapur-Bangalore,Semi-Sleeper,Visakhapatnam,2024-01-26,55,33,61.05,486.7,199.49,6583.1,98.46,January,Friday,10:10,10,0,0,0,0,Cloudy,Central Bus Station,13,10,33,19,6,3,19,6,36,65.45,36,65.45,MODERATE,MODERATE,34.55,22
AP0969,Kurnool-Hyderabad,Sleeper,Visakhapatnam,2024-02-20,44,34,79.39,264.72,556.36,18916.08,53.48,February,Tuesday,15:40,15,0,0,0,0,Hot,Main Road Stop,3,20,34,22,13,4,22,13,43,97.73,41,93.18,HIGH,HIGH,50.0,10
AP0970,Hyderabad-Vijayawada,Volvo AC,Visakhapatnam,2024-03-19,53,43,82.47,261.4,679.02,29197.8,48.04,March,Tuesday,11:35,11,0,0,0,0,Clear,Main Road Stop,27,20,43,13,7,5,13,7,45,84.91,53,100.0,HIGH,HIGH,24.53,10
AP0971,Guntur-Hyderabad,Ordinary,Nellore,2024-05-30,55,34,62.87,311.37,225.14,7654.79,113.81,May,Thursday,12:35,12,0,0,0,0,Hot,Main Road Stop,10,20,34,21,3,3,21,3,34,61.82,39,70.91,MODERATE,MODERATE,38.18,21
AP0972,Kakinada-Vijayawada,Semi-Sleeper,Hyderabad,2024-11-06,55,28,52.55,491.64,213.6,5980.87,96.05,November,Wednesday,06:00,6,0,0,0,0,Clear,Main Road Stop,28,10,28,17,12,7,17,12,33,60.0,40,72.73,MODERATE,MODERATE,30.91,27
AP0973,Hyderabad-Tirupati,Sleeper,Vijayawada,2024-08-08,44,33,77.09,569.92,591.93,19533.71,146.87,August,Thursday,09:35,9,1,0,0,0,Cloudy,Railway Station Stop,24,15,33,21,12,4,21,12,41,93.18,40,90.91,HIGH,HIGH,47.73,11
AP0974,Nellore-Chennai,Volvo AC,Nellore,2024-10-19,49,21,44.65,414.41,1278.38,26846.06,89.64,October,Saturday,21:55,21,0,1,0,0,Clear,Railway Station Stop,27,5,21,14,5,2,14,5,24,48.98,24,48.98,LOW,LOW,28.57,28
AP0975,Anantapur-Bangalore,Semi-Sleeper,Visakhapatnam,2024-05-06,55,13,24.69,441.99,164.86,2143.22,83.16,May,Monday,12:00,12,0,0,0,0,Clear,Railway Station Stop,25,15,13,1,1,3,1,1,11,20.0,24,43.64,LOW,LOW,1.82,42
AP0976,Vijayawada-Tirupati,Sleeper,Visakhapatnam,2024-03-01,40,29,73.98,441.82,512.76,14870.16,107.33,March,Friday,16:25,16,0,0,1,0,Cloudy,Main Road Stop,7,10,29,18,5,4,18,5,30,75.0,36,90.0,MODERATE,HIGH,45.0,11
AP0977,Guntur-Hyderabad,Sleeper,Nellore,2024-12-01,44,37,85.18,277.71,485.64,17968.5,65.8,December,Sunday,14:25,14,0,1,0,0,Clear,Main Road Stop,20,15,37,3,3,4,3,3,36,81.82,39,88.64,HIGH,HIGH,6.82,7
AP0978,Hyderabad-Tirupati,Volvo AC,Nellore,2024-10-02,49,45,91.92,533.78,991.76,44629.35,121.68,October,Wednesday,13:50,13,0,0,0,0,Clear,City Center Stop,14,30,45,2,2,8,2,2,39,79.59,44,89.8,MODERATE,HIGH,4.08,4
AP0979,Kadapa-Hyderabad,Express,Nellore,2024-07-18,63,39,63.21,103.15,607.38,23687.74,20.86,July,Thursday,14:15,14,0,0,0,0,Rainy,Main Road Stop,20,30,39,15,7,6,15,7,40,63.49,42,66.67,MODERATE,MODERATE,23.81,24
AP0980,Hyderabad-Visakhapatnam,Semi-Sleeper,Nellore,2024-05-27,59,35,60.61,634.67,325.02,11375.74,141.23,May,Monday,11:25,11,0,0,0,0,Hot,Central Bus Station,23,15,35,5,3,1,5,3,37,62.71,44,74.58,MODERATE,MODERATE,8.47,24
AP0981,Kakinada-Vijayawada,Sleeper,Hyderabad,2024-09-05,36,11,31.75,194.18,611.52,6726.71,34.46,September,Thursday,22:40,22,0,0,0,0,Clear,Market Stop,17,20,11,12,6,1,12,6,16,44.44,19,52.78,LOW,LOW,33.33,25
AP0982,Kadapa-Hyderabad,Ordinary,Nellore,2024-09-19,63,52,82.86,364.57,283.11,14721.52,65.26,September,Thursday,20:00,20,0,0,0,0,Cloudy,Central Bus Station,11,5,52,13,10,3,13,10,59,93.65,61,96.83,HIGH,HIGH,20.63,11
AP0983,Hyderabad-Vijayawada,Ordinary,Vijayawada,2024-03-16,63,46,73.29,271.75,175.93,8092.73,87.6,March,Saturday,18:45,18,1,1,0,0,Rainy,Market Stop,28,15,46,23,7,2,23,7,51,80.95,59,93.65,HIGH,HIGH,36.51,17
AP0984,Anantapur-Bangalore,Semi-Sleeper,Hyderabad,2024-01-01,63,29,47.21,447.34,277.2,8038.94,89.48,January,Monday,14:45,14,0,0,0,0,Clear,City Center Stop,21,20,29,7,7,11,7,7,25,39.68,27,42.86,LOW,LOW,11.11,34
AP0985,Hyderabad-Tirupati,Semi-Sleeper,Tirupati,2024-05-05,63,58,92.17,516.16,139.53,8092.93,101.45,May,Sunday,10:40,10,0,1,0,0,Rainy,Main Road Stop,27,20,58,19,5,5,19,5,58,92.06,62,98.41,HIGH,HIGH,30.16,5
AP0986,Eluru-Hyderabad,Super Luxury,Guntur,2024-03-15,45,32,71.47,283.46,288.43,9229.82,72.63,March,Friday,21:35,21,0,0,0,0,Clear,College Road Stop,9,30,32,11,6,7,11,6,31,68.89,25,55.56,MODERATE,LOW,24.44,13
AP0987,Hyderabad-Visakhapatnam,Ordinary,Vijayawada,2024-11-30,55,36,67.22,622.49,233.75,8415.04,185.27,November,Saturday,12:40,12,0,1,0,0,Rainy,Market Stop,26,15,36,17,12,4,17,12,44,80.0,46,83.64,HIGH,HIGH,30.91,19
AP0988,Kakinada-Vijayawada,Express,Guntur,2024-10-18,55,38,69.14,399.46,385.97,14666.94,84.27,October,Friday,07:45,7,1,0,0,0,Clear,Market Stop,12,30,38,13,5,10,13,5,33,60.0,40,72.73,MODERATE,MODERATE,23.64,17
AP0989,Hyderabad-Tirupati,Ordinary,Nellore,2024-09-15,59,31,54.22,540.01,417.9,12954.86,140.26,September,Sunday,12:50,12,0,1,0,0,Clear,Railway Station Stop,15,30,31,11,10,10,11,10,31,52.54,39,66.1,LOW,MODERATE,18.64,28
AP0990,Vijayawada-Visakhapatnam,Express,Guntur,2024-12-10,63,41,66.29,409.86,351.02,14391.63,81.01,December,Tuesday,19:25,19,1,0,0,0,Clear,Railway Station Stop,27,15,41,27,8,4,27,8,45,71.43,49,77.78,MODERATE,MODERATE,42.86,22
AP0991,Nellore-Chennai,Super Luxury,Tirupati,2024-01-16,49,26,53.61,349.78,398.91,10371.57,60.78,January,Tuesday,16:25,16,0,0,0,0,Clear,Main Road Stop,12,5,26,18,9,8,18,9,27,55.1,32,65.31,LOW,MODERATE,36.73,23
AP0992,Guntur-Hyderabad,Super Luxury,Vijayawada,2024-11-05,53,53,100.0,263.47,454.44,24085.45,48.9,November,Tuesday,18:35,18,1,0,0,1,Rainy,Main Road Stop,10,10,53,22,3,3,22,3,53,100.0,53,100.0,HIGH,HIGH,41.51,0
AP0993,Rajahmundry-Hyderabad,Express,Nellore,2024-05-02,55,43,79.45,346.09,312.11,13420.53,78.5,May,Thursday,19:10,19,1,0,1,0,Hot,City Center Stop,28,20,43,21,7,3,21,7,47,85.45,47,85.45,HIGH,HIGH,38.18,12
AP0994,Kakinada-Vijayawada,Ordinary,Guntur,2024-06-28,59,29,49.74,243.38,251.77,7301.36,36.81,June,Friday,11:50,11,0,0,0,0,Clear,Main Road Stop,30,15,29,6,6,3,6,6,32,54.24,37,62.71,LOW,MODERATE,10.17,30
AP0995,Guntur-Hyderabad,Sleeper,Visakhapatnam,2024-05-04,40,29,73.53,447.88,779.11,22594.12,104.16,May,Saturday,21:45,21,0,1,0,0,Clear,City Center Stop,11,30,29,8,6,6,8,6,29,72.5,39,97.5,MODERATE,HIGH,20.0,11
AP0996,Kakinada-Vijayawada,Sleeper,Visakhapatnam,2024-03-29,36,17,49.55,326.69,710.37,12076.36,66.15,March,Friday,13:35,13,0,0,0,0,Clear,Market Stop,11,30,17,4,4,7,4,4,14,38.89,22,61.11,LOW,MODERATE,11.11,19
AP0997,Anantapur-Bangalore,Super Luxury,Vijayawada,2024-06-29,49,20,42.79,485.28,685.86,13717.16,117.59,June,Saturday,16:15,16,0,1,0,0,Clear,City Center Stop,9,5,20,11,9,6,11,9,23,46.94,25,51.02,LOW,LOW,22.45,29
AP0998,Hyderabad-Tirupati,Express,Hyderabad,2024-12-14,63,22,35.73,546.93,337.13,7416.93,119.5,December,Saturday,05:20,5,0,1,0,0,Clear,Market Stop,3,30,22,16,15,8,16,15,29,46.03,36,57.14,LOW,LOW,25.4,41
AP0999,Anantapur-Bangalore,Ordinary,Tirupati,2024-05-13,63,44,71.26,445.66,160.08,7043.43,131.73,May,Monday,22:25,22,0,0,0,0,Rainy,Railway Station Stop,18,10,44,9,9,6,9,9,47,74.6,58,92.06,MODERATE,HIGH,14.29,19
AP1000,Hyderabad-Vijayawada,Ordinary,Visakhapatnam,2024-03-11,63,54,85.82,263.51,217.84,11763.34,63.79,March,Monday,12:35,12,0,0,0,0,Rainy,Railway Station Stop,10,30,54,13,2,1,13,2,55,87.3,53,84.13,HIGH,HIGH,20.63,9
